Date,WarehouseID,ProductID,QtyLost,CustomerID,Reason
2024-07-01,WH-LAG1,PRD-0159,36,CUS-01023,PARTIAL_FILL
2024-07-02,WH-ABJ,PRD-0114,4,CUS-02441,PARTIAL_FILL
2024-07-02,WH-ABJ,PRD-0128,3,CUS-00441,PARTIAL_FILL
2024-07-03,WH-ABJ,PRD-0002,2,CUS-00602,PARTIAL_FILL
2024-07-03,WH-IBD,PRD-0010,8,CUS-01752,PARTIAL_FILL
2024-07-03,WH-LAG1,PRD-0059,4,CUS-01406,STOCKOUT
2024-07-04,WH-PHC,PRD-0024,5,CUS-00151,PARTIAL_FILL
2024-07-04,WH-IBD,PRD-0029,7,CUS-02096,PARTIAL_FILL
2024-07-05,WH-PHC,PRD-0126,3,CUS-00929,PARTIAL_FILL
2024-07-05,WH-ABJ,PRD-0148,2,CUS-01382,PARTIAL_FILL
2024-07-05,WH-LAG2,PRD-0152,16,CUS-00037,PARTIAL_FILL
2024-07-06,WH-LAG2,PRD-0023,15,CUS-01761,PARTIAL_FILL
2024-07-06,WH-ABJ,PRD-0136,1,CUS-01976,PARTIAL_FILL
2024-07-06,WH-ABJ,PRD-0148,1,CUS-01075,STOCKOUT
2024-07-07,WH-ABJ,PRD-0128,5,CUS-01154,STOCKOUT
2024-07-07,WH-LAG2,PRD-0146,4,CUS-01575,PARTIAL_FILL
2024-07-08,WH-LAG1,PRD-0024,5,CUS-00917,PARTIAL_FILL
2024-07-08,WH-ABJ,PRD-0128,1,CUS-00010,STOCKOUT
2024-07-08,WH-LAG1,PRD-0159,12,CUS-00696,STOCKOUT
2024-07-08,WH-PHC,PRD-0170,10,CUS-01422,PARTIAL_FILL
2024-07-09,WH-PHC,PRD-0024,5,CUS-00904,STOCKOUT
2024-07-11,WH-LAG2,PRD-0006,2,CUS-00916,PARTIAL_FILL
2024-07-11,WH-PHC,PRD-0008,6,CUS-01385,PARTIAL_FILL
2024-07-11,WH-IBD,PRD-0063,7,CUS-01519,PARTIAL_FILL
2024-07-11,WH-ABJ,PRD-0065,1,CUS-00011,PARTIAL_FILL
2024-07-11,WH-PHC,PRD-0170,29,CUS-02133,STOCKOUT
2024-07-12,WH-IBD,PRD-0101,2,CUS-02216,PARTIAL_FILL
2024-07-12,WH-LAG2,PRD-0116,2,CUS-01265,PARTIAL_FILL
2024-07-14,WH-LAG1,PRD-0130,2,CUS-01015,PARTIAL_FILL
2024-07-15,WH-LAG2,PRD-0027,3,CUS-01448,PARTIAL_FILL
2024-07-15,WH-ABJ,PRD-0052,11,CUS-01677,PARTIAL_FILL
2024-07-15,WH-PHC,PRD-0126,17,CUS-00211,STOCKOUT
2024-07-15,WH-LAG2,PRD-0146,3,CUS-02043,STOCKOUT
2024-07-16,WH-ABJ,PRD-0012,8,CUS-00674,PARTIAL_FILL
2024-07-16,WH-LAG1,PRD-0114,9,CUS-00334,PARTIAL_FILL
2024-07-16,WH-PHC,PRD-0138,12,CUS-01353,PARTIAL_FILL
2024-07-17,WH-LAG2,PRD-0006,3,CUS-00422,STOCKOUT
2024-07-17,WH-ABJ,PRD-0012,2,CUS-01182,STOCKOUT
2024-07-17,WH-ABJ,PRD-0014,14,CUS-01712,PARTIAL_FILL
2024-07-17,WH-IBD,PRD-0075,3,CUS-01023,PARTIAL_FILL
2024-07-17,WH-LAG2,PRD-0107,43,CUS-00599,PARTIAL_FILL
2024-07-18,WH-PHC,PRD-0046,3,CUS-01191,PARTIAL_FILL
2024-07-18,WH-IBD,PRD-0110,1,CUS-02396,PARTIAL_FILL
2024-07-19,WH-PHC,PRD-0025,10,CUS-01203,PARTIAL_FILL
2024-07-19,WH-LAG1,PRD-0036,12,CUS-00309,PARTIAL_FILL
2024-07-19,WH-LAG2,PRD-0056,1,CUS-01791,PARTIAL_FILL
2024-07-19,WH-LAG1,PRD-0095,13,CUS-00293,PARTIAL_FILL
2024-07-20,WH-PHC,PRD-0009,3,CUS-02113,PARTIAL_FILL
2024-07-20,WH-LAG1,PRD-0055,7,CUS-00244,PARTIAL_FILL
2024-07-20,WH-IBD,PRD-0086,8,CUS-00551,PARTIAL_FILL
2024-07-20,WH-ABJ,PRD-0169,4,CUS-01038,STOCKOUT
2024-07-21,WH-LAG1,PRD-0115,4,CUS-00506,PARTIAL_FILL
2024-07-21,WH-ABJ,PRD-0170,1,CUS-00847,PARTIAL_FILL
2024-07-22,WH-IBD,PRD-0074,13,CUS-02142,PARTIAL_FILL
2024-07-22,WH-LAG2,PRD-0075,7,CUS-01596,PARTIAL_FILL
2024-07-22,WH-LAG1,PRD-0079,4,CUS-00685,STOCKOUT
2024-07-22,WH-IBD,PRD-0086,17,CUS-00801,STOCKOUT
2024-07-22,WH-LAG1,PRD-0114,12,CUS-01553,STOCKOUT
2024-07-22,WH-ABJ,PRD-0128,2,CUS-00502,STOCKOUT
2024-07-23,WH-ABJ,PRD-0012,11,CUS-01914,STOCKOUT
2024-07-23,WH-IBD,PRD-0013,25,CUS-01955,PARTIAL_FILL
2024-07-23,WH-ABJ,PRD-0035,2,CUS-01744,PARTIAL_FILL
2024-07-23,WH-IBD,PRD-0086,4,CUS-01597,STOCKOUT
2024-07-23,WH-ABJ,PRD-0124,4,CUS-02384,PARTIAL_FILL
2024-07-24,WH-LAG1,PRD-0024,4,CUS-00784,STOCKOUT
2024-07-24,WH-PHC,PRD-0036,1,CUS-00473,PARTIAL_FILL
2024-07-24,WH-ABJ,PRD-0123,4,CUS-00045,PARTIAL_FILL
2024-07-24,WH-PHC,PRD-0146,12,CUS-00410,PARTIAL_FILL
2024-07-25,WH-LAG2,PRD-0002,4,CUS-01758,PARTIAL_FILL
2024-07-25,WH-IBD,PRD-0052,4,CUS-00680,PARTIAL_FILL
2024-07-25,WH-LAG1,PRD-0055,5,CUS-02315,STOCKOUT
2024-07-25,WH-LAG1,PRD-0056,7,CUS-02320,PARTIAL_FILL
2024-07-25,WH-LAG1,PRD-0056,6,CUS-00721,STOCKOUT
2024-07-25,WH-ABJ,PRD-0065,8,CUS-02373,STOCKOUT
2024-07-25,WH-IBD,PRD-0086,6,CUS-01239,STOCKOUT
2024-07-25,WH-LAG1,PRD-0114,6,CUS-00655,STOCKOUT
2024-07-25,WH-ABJ,PRD-0128,2,CUS-01669,STOCKOUT
2024-07-26,WH-ABJ,PRD-0013,1,CUS-01992,PARTIAL_FILL
2024-07-26,WH-PHC,PRD-0046,15,CUS-01367,STOCKOUT
2024-07-26,WH-PHC,PRD-0064,10,CUS-02248,PARTIAL_FILL
2024-07-26,WH-LAG2,PRD-0130,2,CUS-00182,PARTIAL_FILL
2024-07-27,WH-PHC,PRD-0045,14,CUS-01021,PARTIAL_FILL
2024-07-27,WH-IBD,PRD-0095,1,CUS-01942,PARTIAL_FILL
2024-07-27,WH-PHC,PRD-0098,14,CUS-00745,PARTIAL_FILL
2024-07-27,WH-ABJ,PRD-0101,7,CUS-02292,PARTIAL_FILL
2024-07-27,WH-LAG2,PRD-0132,9,CUS-00378,PARTIAL_FILL
2024-07-28,WH-IBD,PRD-0078,24,CUS-02033,PARTIAL_FILL
2024-07-29,WH-LAG2,PRD-0023,6,CUS-01082,STOCKOUT
2024-07-29,WH-PHC,PRD-0064,15,CUS-02068,STOCKOUT
2024-07-29,WH-LAG1,PRD-0131,26,CUS-00367,PARTIAL_FILL
2024-07-29,WH-ABJ,PRD-0169,9,CUS-00724,STOCKOUT
2024-07-30,WH-IBD,PRD-0076,15,CUS-01640,PARTIAL_FILL
2024-07-30,WH-IBD,PRD-0109,1,CUS-00873,PARTIAL_FILL
2024-07-31,WH-PHC,PRD-0004,5,CUS-00131,PARTIAL_FILL
2024-07-31,WH-ABJ,PRD-0013,6,CUS-01223,STOCKOUT
2024-07-31,WH-IBD,PRD-0046,7,CUS-00150,PARTIAL_FILL
2024-07-31,WH-ABJ,PRD-0065,2,CUS-00847,STOCKOUT
2024-07-31,WH-IBD,PRD-0086,3,CUS-00127,STOCKOUT
2024-07-31,WH-ABJ,PRD-0102,5,CUS-01262,PARTIAL_FILL
2024-07-31,WH-IBD,PRD-0109,12,CUS-00431,STOCKOUT
2024-07-31,WH-IBD,PRD-0144,16,CUS-01116,PARTIAL_FILL
2024-07-31,WH-LAG2,PRD-0148,25,CUS-00559,PARTIAL_FILL
2024-08-01,WH-PHC,PRD-0088,15,CUS-00820,PARTIAL_FILL
2024-08-01,WH-ABJ,PRD-0107,3,CUS-00090,PARTIAL_FILL
2024-08-01,WH-LAG1,PRD-0131,1,CUS-02331,STOCKOUT
2024-08-02,WH-LAG2,PRD-0027,4,CUS-02034,STOCKOUT
2024-08-02,WH-LAG1,PRD-0028,1,CUS-00871,PARTIAL_FILL
2024-08-02,WH-IBD,PRD-0037,1,CUS-00547,PARTIAL_FILL
2024-08-02,WH-PHC,PRD-0064,1,CUS-00240,STOCKOUT
2024-08-02,WH-LAG2,PRD-0068,6,CUS-01172,PARTIAL_FILL
2024-08-02,WH-PHC,PRD-0071,8,CUS-00457,PARTIAL_FILL
2024-08-02,WH-IBD,PRD-0078,1,CUS-01275,STOCKOUT
2024-08-02,WH-LAG1,PRD-0095,20,CUS-00999,STOCKOUT
2024-08-03,WH-IBD,PRD-0021,5,CUS-00356,PARTIAL_FILL
2024-08-03,WH-PHC,PRD-0045,8,CUS-01040,STOCKOUT
2024-08-04,WH-LAG2,PRD-0057,9,CUS-00507,STOCKOUT
2024-08-05,WH-LAG2,PRD-0013,1,CUS-01394,PARTIAL_FILL
2024-08-05,WH-IBD,PRD-0014,7,CUS-01308,PARTIAL_FILL
2024-08-05,WH-LAG2,PRD-0028,5,CUS-00925,PARTIAL_FILL
2024-08-05,WH-LAG1,PRD-0056,7,CUS-01931,STOCKOUT
2024-08-05,WH-IBD,PRD-0115,5,CUS-02294,PARTIAL_FILL
2024-08-05,WH-LAG2,PRD-0148,2,CUS-01215,STOCKOUT
2024-08-05,WH-IBD,PRD-0149,12,CUS-00989,PARTIAL_FILL
2024-08-06,WH-ABJ,PRD-0073,5,CUS-02380,PARTIAL_FILL
2024-08-06,WH-IBD,PRD-0076,18,CUS-00029,STOCKOUT
2024-08-06,WH-PHC,PRD-0091,8,CUS-01926,STOCKOUT
2024-08-06,WH-PHC,PRD-0091,7,CUS-01318,STOCKOUT
2024-08-06,WH-LAG1,PRD-0092,5,CUS-01866,PARTIAL_FILL
2024-08-06,WH-PHC,PRD-0096,7,CUS-01111,PARTIAL_FILL
2024-08-06,WH-PHC,PRD-0115,1,CUS-01221,PARTIAL_FILL
2024-08-07,WH-ABJ,PRD-0020,1,CUS-01762,PARTIAL_FILL
2024-08-07,WH-ABJ,PRD-0089,2,CUS-02104,PARTIAL_FILL
2024-08-07,WH-PHC,PRD-0153,28,CUS-00798,PARTIAL_FILL
2024-08-08,WH-IBD,PRD-0078,7,CUS-00326,STOCKOUT
2024-08-08,WH-IBD,PRD-0105,1,CUS-00063,PARTIAL_FILL
2024-08-09,WH-LAG2,PRD-0061,5,CUS-02061,PARTIAL_FILL
2024-08-09,WH-IBD,PRD-0142,5,CUS-01276,PARTIAL_FILL
2024-08-10,WH-LAG1,PRD-0028,4,CUS-00087,STOCKOUT
2024-08-10,WH-LAG2,PRD-0061,7,CUS-00795,STOCKOUT
2024-08-10,WH-ABJ,PRD-0064,1,CUS-00592,PARTIAL_FILL
2024-08-10,WH-PHC,PRD-0088,9,CUS-00689,STOCKOUT
2024-08-11,WH-IBD,PRD-0023,2,CUS-01541,PARTIAL_FILL
2024-08-11,WH-ABJ,PRD-0056,8,CUS-01703,PARTIAL_FILL
2024-08-12,WH-LAG2,PRD-0061,10,CUS-01577,STOCKOUT
2024-08-12,WH-LAG2,PRD-0061,6,CUS-01719,STOCKOUT
2024-08-12,WH-PHC,PRD-0135,1,CUS-02370,PARTIAL_FILL
2024-08-13,WH-ABJ,PRD-0028,3,CUS-01588,PARTIAL_FILL
2024-08-13,WH-LAG2,PRD-0061,11,CUS-00577,STOCKOUT
2024-08-13,WH-ABJ,PRD-0064,3,CUS-01005,STOCKOUT
2024-08-13,WH-IBD,PRD-0131,1,CUS-01201,PARTIAL_FILL
2024-08-13,WH-PHC,PRD-0135,14,CUS-00913,STOCKOUT
2024-08-13,WH-ABJ,PRD-0162,6,CUS-00667,PARTIAL_FILL
2024-08-14,WH-ABJ,PRD-0015,7,CUS-01106,PARTIAL_FILL
2024-08-14,WH-IBD,PRD-0025,16,CUS-00257,PARTIAL_FILL
2024-08-14,WH-PHC,PRD-0088,2,CUS-01856,STOCKOUT
2024-08-14,WH-IBD,PRD-0131,17,CUS-01803,STOCKOUT
2024-08-14,WH-IBD,PRD-0158,7,CUS-00192,PARTIAL_FILL
2024-08-15,WH-LAG1,PRD-0006,1,CUS-02041,PARTIAL_FILL
2024-08-15,WH-LAG2,PRD-0028,9,CUS-01290,STOCKOUT
2024-08-15,WH-ABJ,PRD-0028,17,CUS-00437,STOCKOUT
2024-08-15,WH-IBD,PRD-0093,2,CUS-00290,PARTIAL_FILL
2024-08-15,WH-IBD,PRD-0099,3,CUS-02112,PARTIAL_FILL
2024-08-15,WH-ABJ,PRD-0138,22,CUS-00340,PARTIAL_FILL
2024-08-15,WH-IBD,PRD-0149,5,CUS-00610,STOCKOUT
2024-08-16,WH-IBD,PRD-0093,26,CUS-00002,STOCKOUT
2024-08-16,WH-ABJ,PRD-0138,8,CUS-00274,STOCKOUT
2024-08-19,WH-ABJ,PRD-0024,4,CUS-00074,STOCKOUT
2024-08-19,WH-IBD,PRD-0076,26,CUS-01830,STOCKOUT
2024-08-19,WH-ABJ,PRD-0084,1,CUS-00953,PARTIAL_FILL
2024-08-19,WH-IBD,PRD-0099,16,CUS-02413,STOCKOUT
2024-08-20,WH-IBD,PRD-0061,8,CUS-00801,PARTIAL_FILL
2024-08-20,WH-LAG2,PRD-0064,5,CUS-01682,PARTIAL_FILL
2024-08-20,WH-LAG1,PRD-0112,15,CUS-01913,PARTIAL_FILL
2024-08-20,WH-PHC,PRD-0153,21,CUS-01059,STOCKOUT
2024-08-21,WH-LAG1,PRD-0006,5,CUS-01796,STOCKOUT
2024-08-22,WH-LAG1,PRD-0050,3,CUS-00095,PARTIAL_FILL
2024-08-22,WH-ABJ,PRD-0069,4,CUS-01225,PARTIAL_FILL
2024-08-23,WH-PHC,PRD-0065,1,CUS-01500,PARTIAL_FILL
2024-08-23,WH-LAG2,PRD-0066,2,CUS-00844,PARTIAL_FILL
2024-08-23,WH-PHC,PRD-0153,5,CUS-02370,STOCKOUT
2024-08-25,WH-LAG1,PRD-0050,11,CUS-00500,STOCKOUT
2024-08-26,WH-IBD,PRD-0005,22,CUS-01529,PARTIAL_FILL
2024-08-26,WH-IBD,PRD-0005,7,CUS-01751,STOCKOUT
2024-08-26,WH-ABJ,PRD-0040,1,CUS-00764,PARTIAL_FILL
2024-08-26,WH-PHC,PRD-0085,4,CUS-01354,PARTIAL_FILL
2024-08-26,WH-IBD,PRD-0091,1,CUS-02216,PARTIAL_FILL
2024-08-26,WH-LAG1,PRD-0112,3,CUS-01892,STOCKOUT
2024-08-26,WH-PHC,PRD-0136,1,CUS-02455,PARTIAL_FILL
2024-08-27,WH-ABJ,PRD-0036,6,CUS-01075,PARTIAL_FILL
2024-08-27,WH-PHC,PRD-0046,12,CUS-00167,STOCKOUT
2024-08-27,WH-PHC,PRD-0046,2,CUS-02421,STOCKOUT
2024-08-27,WH-IBD,PRD-0097,4,CUS-00554,PARTIAL_FILL
2024-08-29,WH-IBD,PRD-0089,4,CUS-00854,PARTIAL_FILL
2024-08-29,WH-ABJ,PRD-0121,1,CUS-00057,PARTIAL_FILL
2024-08-30,WH-PHC,PRD-0028,3,CUS-01592,PARTIAL_FILL
2024-08-30,WH-LAG1,PRD-0072,20,CUS-01079,PARTIAL_FILL
2024-08-30,WH-PHC,PRD-0089,1,CUS-00758,PARTIAL_FILL
2024-08-30,WH-ABJ,PRD-0121,3,CUS-00502,STOCKOUT
2024-08-31,WH-ABJ,PRD-0064,5,CUS-00713,STOCKOUT
2024-08-31,WH-ABJ,PRD-0095,10,CUS-01723,PARTIAL_FILL
2024-08-31,WH-ABJ,PRD-0121,13,CUS-00674,STOCKOUT
2024-09-02,WH-PHC,PRD-0057,12,CUS-00480,PARTIAL_FILL
2024-09-02,WH-IBD,PRD-0141,2,CUS-00743,PARTIAL_FILL
2024-09-03,WH-ABJ,PRD-0014,3,CUS-02281,PARTIAL_FILL
2024-09-03,WH-IBD,PRD-0019,8,CUS-00736,PARTIAL_FILL
2024-09-03,WH-ABJ,PRD-0058,9,CUS-00833,PARTIAL_FILL
2024-09-04,WH-LAG1,PRD-0050,13,CUS-01026,STOCKOUT
2024-09-04,WH-LAG2,PRD-0149,1,CUS-00946,PARTIAL_FILL
2024-09-04,WH-IBD,PRD-0152,27,CUS-00265,PARTIAL_FILL
2024-09-05,WH-ABJ,PRD-0066,4,CUS-01168,PARTIAL_FILL
2024-09-05,WH-IBD,PRD-0091,12,CUS-01331,STOCKOUT
2024-09-05,WH-LAG1,PRD-0119,23,CUS-00561,PARTIAL_FILL
2024-09-05,WH-ABJ,PRD-0168,27,CUS-01958,PARTIAL_FILL
2024-09-06,WH-PHC,PRD-0003,8,CUS-01205,STOCKOUT
2024-09-06,WH-PHC,PRD-0052,10,CUS-01929,PARTIAL_FILL
2024-09-06,WH-LAG2,PRD-0088,3,CUS-00656,PARTIAL_FILL
2024-09-07,WH-LAG2,PRD-0015,4,CUS-02491,PARTIAL_FILL
2024-09-07,WH-LAG1,PRD-0072,6,CUS-01362,STOCKOUT
2024-09-07,WH-LAG2,PRD-0144,57,CUS-01227,PARTIAL_FILL
2024-09-09,WH-ABJ,PRD-0070,12,CUS-00673,PARTIAL_FILL
2024-09-09,WH-PHC,PRD-0072,2,CUS-01754,PARTIAL_FILL
2024-09-09,WH-IBD,PRD-0110,22,CUS-00138,PARTIAL_FILL
2024-09-10,WH-ABJ,PRD-0001,2,CUS-01954,PARTIAL_FILL
2024-09-10,WH-LAG2,PRD-0015,10,CUS-00326,STOCKOUT
2024-09-10,WH-ABJ,PRD-0023,4,CUS-00548,PARTIAL_FILL
2024-09-10,WH-ABJ,PRD-0078,1,CUS-02088,PARTIAL_FILL
2024-09-10,WH-LAG1,PRD-0089,2,CUS-00722,PARTIAL_FILL
2024-09-10,WH-IBD,PRD-0092,11,CUS-00268,PARTIAL_FILL
2024-09-12,WH-ABJ,PRD-0023,5,CUS-01567,STOCKOUT
2024-09-12,WH-ABJ,PRD-0079,2,CUS-01384,PARTIAL_FILL
2024-09-12,WH-LAG2,PRD-0117,1,CUS-01848,PARTIAL_FILL
2024-09-12,WH-ABJ,PRD-0128,12,CUS-01113,PARTIAL_FILL
2024-09-13,WH-IBD,PRD-0019,2,CUS-00170,STOCKOUT
2024-09-13,WH-IBD,PRD-0027,3,CUS-01275,PARTIAL_FILL
2024-09-13,WH-LAG1,PRD-0116,1,CUS-00777,PARTIAL_FILL
2024-09-13,WH-LAG1,PRD-0116,11,CUS-01043,STOCKOUT
2024-09-15,WH-LAG2,PRD-0020,3,CUS-02196,PARTIAL_FILL
2024-09-15,WH-PHC,PRD-0147,11,CUS-01389,PARTIAL_FILL
2024-09-16,WH-ABJ,PRD-0070,2,CUS-00291,STOCKOUT
2024-09-16,WH-ABJ,PRD-0078,1,CUS-01766,STOCKOUT
2024-09-16,WH-IBD,PRD-0092,3,CUS-01870,STOCKOUT
2024-09-16,WH-LAG2,PRD-0102,1,CUS-01905,PARTIAL_FILL
2024-09-16,WH-ABJ,PRD-0137,17,CUS-02490,PARTIAL_FILL
2024-09-17,WH-IBD,PRD-0019,2,CUS-01523,STOCKOUT
2024-09-17,WH-PHC,PRD-0072,8,CUS-00047,STOCKOUT
2024-09-17,WH-ABJ,PRD-0078,2,CUS-02456,STOCKOUT
2024-09-17,WH-PHC,PRD-0128,7,CUS-00151,PARTIAL_FILL
2024-09-18,WH-PHC,PRD-0005,1,CUS-00988,PARTIAL_FILL
2024-09-18,WH-PHC,PRD-0085,13,CUS-00492,STOCKOUT
2024-09-18,WH-IBD,PRD-0093,2,CUS-01536,STOCKOUT
2024-09-18,WH-LAG2,PRD-0110,15,CUS-01320,PARTIAL_FILL
2024-09-18,WH-LAG1,PRD-0140,22,CUS-01955,PARTIAL_FILL
2024-09-19,WH-ABJ,PRD-0014,4,CUS-01951,STOCKOUT
2024-09-19,WH-ABJ,PRD-0085,9,CUS-02182,PARTIAL_FILL
2024-09-19,WH-ABJ,PRD-0085,5,CUS-02428,STOCKOUT
2024-09-20,WH-PHC,PRD-0128,11,CUS-01122,STOCKOUT
2024-09-20,WH-LAG1,PRD-0140,5,CUS-00384,STOCKOUT
2024-09-21,WH-PHC,PRD-0028,9,CUS-02214,STOCKOUT
2024-09-21,WH-ABJ,PRD-0076,10,CUS-02486,PARTIAL_FILL
2024-09-21,WH-LAG2,PRD-0110,4,CUS-01015,STOCKOUT
2024-09-22,WH-ABJ,PRD-0078,14,CUS-02109,STOCKOUT
2024-09-23,WH-PHC,PRD-0004,40,CUS-01422,PARTIAL_FILL
2024-09-23,WH-LAG1,PRD-0008,1,CUS-01299,PARTIAL_FILL
2024-09-23,WH-LAG2,PRD-0034,2,CUS-00360,PARTIAL_FILL
2024-09-23,WH-ABJ,PRD-0050,24,CUS-01008,PARTIAL_FILL
2024-09-23,WH-LAG1,PRD-0056,12,CUS-00624,PARTIAL_FILL
2024-09-23,WH-IBD,PRD-0056,28,CUS-01096,PARTIAL_FILL
2024-09-23,WH-PHC,PRD-0107,4,CUS-01551,PARTIAL_FILL
2024-09-24,WH-PHC,PRD-0031,9,CUS-00796,PARTIAL_FILL
2024-09-24,WH-PHC,PRD-0031,9,CUS-02187,STOCKOUT
2024-09-25,WH-PHC,PRD-0026,1,CUS-01293,PARTIAL_FILL
2024-09-25,WH-LAG2,PRD-0043,3,CUS-00068,PARTIAL_FILL
2024-09-25,WH-LAG2,PRD-0122,1,CUS-02006,PARTIAL_FILL
2024-09-26,WH-LAG2,PRD-0034,1,CUS-01632,STOCKOUT
2024-09-27,WH-PHC,PRD-0005,12,CUS-00245,STOCKOUT
2024-09-27,WH-LAG2,PRD-0043,9,CUS-01282,STOCKOUT
2024-09-27,WH-PHC,PRD-0095,5,CUS-01988,PARTIAL_FILL
2024-09-28,WH-LAG1,PRD-0056,4,CUS-01734,STOCKOUT
2024-09-28,WH-PHC,PRD-0104,6,CUS-00294,PARTIAL_FILL
2024-09-30,WH-LAG2,PRD-0009,5,CUS-02218,PARTIAL_FILL
2024-10-01,WH-LAG2,PRD-0136,2,CUS-01573,PARTIAL_FILL
2024-10-02,WH-LAG1,PRD-0034,10,CUS-01819,PARTIAL_FILL
2024-10-02,WH-ABJ,PRD-0065,9,CUS-00499,PARTIAL_FILL
2024-10-02,WH-LAG2,PRD-0099,12,CUS-00125,PARTIAL_FILL
2024-10-02,WH-ABJ,PRD-0112,2,CUS-01041,PARTIAL_FILL
2024-10-03,WH-LAG2,PRD-0050,10,CUS-00189,PARTIAL_FILL
2024-10-03,WH-LAG2,PRD-0124,1,CUS-00869,PARTIAL_FILL
2024-10-04,WH-LAG1,PRD-0008,13,CUS-01306,STOCKOUT
2024-10-04,WH-LAG2,PRD-0009,18,CUS-01902,STOCKOUT
2024-10-04,WH-ABJ,PRD-0065,8,CUS-01780,STOCKOUT
2024-10-04,WH-LAG2,PRD-0073,24,CUS-00787,PARTIAL_FILL
2024-10-04,WH-ABJ,PRD-0140,79,CUS-01899,PARTIAL_FILL
2024-10-04,WH-IBD,PRD-0163,6,CUS-00769,PARTIAL_FILL
2024-10-07,WH-LAG1,PRD-0056,6,CUS-01445,STOCKOUT
2024-10-08,WH-LAG2,PRD-0022,1,CUS-00777,PARTIAL_FILL
2024-10-08,WH-ABJ,PRD-0065,7,CUS-01677,STOCKOUT
2024-10-09,WH-IBD,PRD-0008,10,CUS-00207,PARTIAL_FILL
2024-10-09,WH-IBD,PRD-0159,7,CUS-01613,PARTIAL_FILL
2024-10-11,WH-LAG1,PRD-0006,15,CUS-00369,PARTIAL_FILL
2024-10-11,WH-ABJ,PRD-0006,8,CUS-00607,PARTIAL_FILL
2024-10-11,WH-LAG1,PRD-0020,3,CUS-02333,PARTIAL_FILL
2024-10-12,WH-LAG2,PRD-0007,6,CUS-01725,PARTIAL_FILL
2024-10-12,WH-LAG2,PRD-0007,12,CUS-00685,STOCKOUT
2024-10-14,WH-LAG1,PRD-0020,15,CUS-01886,STOCKOUT
2024-10-14,WH-PHC,PRD-0042,5,CUS-02311,PARTIAL_FILL
2024-10-15,WH-LAG1,PRD-0020,8,CUS-02016,STOCKOUT
2024-10-15,WH-IBD,PRD-0154,11,CUS-01655,PARTIAL_FILL
2024-10-16,WH-LAG2,PRD-0007,10,CUS-01452,STOCKOUT
2024-10-16,WH-LAG1,PRD-0130,13,CUS-02445,PARTIAL_FILL
2024-10-17,WH-LAG1,PRD-0020,6,CUS-01311,STOCKOUT
2024-10-17,WH-LAG2,PRD-0031,12,CUS-01570,PARTIAL_FILL
2024-10-17,WH-LAG1,PRD-0130,7,CUS-00495,STOCKOUT
2024-10-17,WH-PHC,PRD-0162,2,CUS-01021,PARTIAL_FILL
2024-10-18,WH-ABJ,PRD-0040,3,CUS-00370,STOCKOUT
2024-10-18,WH-LAG1,PRD-0045,8,CUS-00963,PARTIAL_FILL
2024-10-19,WH-ABJ,PRD-0009,2,CUS-01976,PARTIAL_FILL
2024-10-20,WH-LAG1,PRD-0045,6,CUS-00360,STOCKOUT
2024-10-21,WH-IBD,PRD-0036,8,CUS-01808,PARTIAL_FILL
2024-10-21,WH-LAG2,PRD-0112,54,CUS-00250,PARTIAL_FILL
2024-10-22,WH-IBD,PRD-0023,3,CUS-00949,STOCKOUT
2024-10-22,WH-ABJ,PRD-0042,25,CUS-01822,PARTIAL_FILL
2024-10-23,WH-ABJ,PRD-0035,3,CUS-00852,PARTIAL_FILL
2024-10-23,WH-ABJ,PRD-0035,2,CUS-01062,STOCKOUT
2024-10-24,WH-PHC,PRD-0021,11,CUS-02133,PARTIAL_FILL
2024-10-24,WH-ABJ,PRD-0035,4,CUS-00490,STOCKOUT
2024-10-25,WH-ABJ,PRD-0010,5,CUS-01149,PARTIAL_FILL
2024-10-25,WH-IBD,PRD-0054,10,CUS-01702,PARTIAL_FILL
2024-10-25,WH-IBD,PRD-0073,3,CUS-02347,PARTIAL_FILL
2024-10-25,WH-ABJ,PRD-0140,6,CUS-02442,STOCKOUT
2024-10-27,WH-PHC,PRD-0010,1,CUS-02095,PARTIAL_FILL
2024-10-27,WH-PHC,PRD-0070,6,CUS-00823,PARTIAL_FILL
2024-10-28,WH-LAG2,PRD-0036,21,CUS-01235,PARTIAL_FILL
2024-10-28,WH-LAG2,PRD-0039,1,CUS-01145,PARTIAL_FILL
2024-10-28,WH-LAG2,PRD-0039,12,CUS-01204,STOCKOUT
2024-10-30,WH-LAG2,PRD-0033,14,CUS-01952,PARTIAL_FILL
2024-10-30,WH-LAG2,PRD-0039,14,CUS-01719,STOCKOUT
2024-10-30,WH-LAG2,PRD-0100,5,CUS-01807,PARTIAL_FILL
2024-10-30,WH-ABJ,PRD-0110,3,CUS-02400,PARTIAL_FILL
2024-10-31,WH-IBD,PRD-0023,3,CUS-00972,STOCKOUT
2024-10-31,WH-IBD,PRD-0023,6,CUS-01994,STOCKOUT
2024-10-31,WH-ABJ,PRD-0071,3,CUS-00717,PARTIAL_FILL
2024-10-31,WH-LAG2,PRD-0086,9,CUS-01871,PARTIAL_FILL
2024-11-01,WH-PHC,PRD-0010,10,CUS-01769,STOCKOUT
2024-11-01,WH-ABJ,PRD-0035,4,CUS-01075,STOCKOUT
2024-11-01,WH-PHC,PRD-0043,11,CUS-01659,PARTIAL_FILL
2024-11-01,WH-LAG2,PRD-0086,3,CUS-01886,STOCKOUT
2024-11-01,WH-IBD,PRD-0141,4,CUS-01399,PARTIAL_FILL
2024-11-02,WH-LAG2,PRD-0005,7,CUS-01711,PARTIAL_FILL
2024-11-02,WH-ABJ,PRD-0035,5,CUS-02314,STOCKOUT
2024-11-02,WH-PHC,PRD-0050,9,CUS-00748,STOCKOUT
2024-11-02,WH-LAG2,PRD-0071,5,CUS-00242,PARTIAL_FILL
2024-11-02,WH-ABJ,PRD-0143,4,CUS-00051,PARTIAL_FILL
2024-11-03,WH-LAG2,PRD-0051,22,CUS-01807,PARTIAL_FILL
2024-11-03,WH-ABJ,PRD-0143,6,CUS-02062,STOCKOUT
2024-11-04,WH-IBD,PRD-0023,14,CUS-00420,STOCKOUT
2024-11-04,WH-ABJ,PRD-0052,2,CUS-00440,PARTIAL_FILL
2024-11-04,WH-LAG2,PRD-0086,7,CUS-01649,STOCKOUT
2024-11-04,WH-LAG2,PRD-0103,6,CUS-01202,PARTIAL_FILL
2024-11-05,WH-ABJ,PRD-0055,1,CUS-00175,PARTIAL_FILL
2024-11-05,WH-ABJ,PRD-0072,10,CUS-01809,PARTIAL_FILL
2024-11-06,WH-LAG1,PRD-0009,6,CUS-02079,PARTIAL_FILL
2024-11-06,WH-LAG1,PRD-0023,11,CUS-00646,PARTIAL_FILL
2024-11-06,WH-ABJ,PRD-0027,39,CUS-02233,PARTIAL_FILL
2024-11-06,WH-LAG1,PRD-0052,5,CUS-01350,PARTIAL_FILL
2024-11-06,WH-LAG1,PRD-0066,4,CUS-01973,PARTIAL_FILL
2024-11-06,WH-LAG2,PRD-0086,14,CUS-02473,STOCKOUT
2024-11-06,WH-LAG2,PRD-0100,2,CUS-02137,STOCKOUT
2024-11-07,WH-LAG2,PRD-0086,2,CUS-00940,STOCKOUT
2024-11-08,WH-LAG1,PRD-0100,3,CUS-01060,PARTIAL_FILL
2024-11-09,WH-LAG2,PRD-0086,8,CUS-01632,STOCKOUT
2024-11-09,WH-ABJ,PRD-0094,2,CUS-01585,PARTIAL_FILL
2024-11-09,WH-LAG2,PRD-0095,5,CUS-02114,PARTIAL_FILL
2024-11-09,WH-PHC,PRD-0140,60,CUS-00355,PARTIAL_FILL
2024-11-11,WH-LAG2,PRD-0062,24,CUS-00680,PARTIAL_FILL
2024-11-11,WH-PHC,PRD-0073,22,CUS-00024,PARTIAL_FILL
2024-11-11,WH-LAG2,PRD-0082,8,CUS-01391,PARTIAL_FILL
2024-11-11,WH-LAG2,PRD-0082,5,CUS-01993,STOCKOUT
2024-11-11,WH-ABJ,PRD-0083,36,CUS-02203,PARTIAL_FILL
2024-11-11,WH-LAG2,PRD-0100,15,CUS-00588,STOCKOUT
2024-11-11,WH-LAG2,PRD-0100,8,CUS-00875,STOCKOUT
2024-11-11,WH-ABJ,PRD-0143,3,CUS-00606,STOCKOUT
2024-11-11,WH-LAG2,PRD-0149,3,CUS-01548,PARTIAL_FILL
2024-11-12,WH-LAG2,PRD-0086,7,CUS-01548,STOCKOUT
2024-11-12,WH-PHC,PRD-0099,3,CUS-01009,PARTIAL_FILL
2024-11-13,WH-ABJ,PRD-0042,2,CUS-02082,STOCKOUT
2024-11-14,WH-ABJ,PRD-0027,2,CUS-01272,STOCKOUT
2024-11-14,WH-PHC,PRD-0053,9,CUS-00167,PARTIAL_FILL
2024-11-14,WH-LAG2,PRD-0086,4,CUS-00560,STOCKOUT
2024-11-14,WH-IBD,PRD-0107,10,CUS-01885,PARTIAL_FILL
2024-11-14,WH-LAG1,PRD-0144,1,CUS-01530,PARTIAL_FILL
2024-11-15,WH-LAG1,PRD-0121,9,CUS-02238,PARTIAL_FILL
2024-11-15,WH-IBD,PRD-0126,1,CUS-01320,PARTIAL_FILL
2024-11-16,WH-LAG1,PRD-0023,4,CUS-00114,STOCKOUT
2024-11-16,WH-LAG2,PRD-0086,3,CUS-01747,STOCKOUT
2024-11-16,WH-LAG2,PRD-0086,1,CUS-02429,STOCKOUT
2024-11-17,WH-LAG2,PRD-0027,5,CUS-00032,PARTIAL_FILL
2024-11-17,WH-LAG2,PRD-0086,3,CUS-01323,STOCKOUT
2024-11-17,WH-ABJ,PRD-0133,22,CUS-00484,PARTIAL_FILL
2024-11-18,WH-IBD,PRD-0033,1,CUS-00029,PARTIAL_FILL
2024-11-18,WH-LAG1,PRD-0121,2,CUS-01363,STOCKOUT
2024-11-19,WH-ABJ,PRD-0001,2,CUS-01609,PARTIAL_FILL
2024-11-19,WH-PHC,PRD-0055,7,CUS-00116,STOCKOUT
2024-11-19,WH-LAG2,PRD-0086,4,CUS-00354,STOCKOUT
2024-11-19,WH-PHC,PRD-0091,31,CUS-01347,PARTIAL_FILL
2024-11-19,WH-LAG1,PRD-0107,6,CUS-01979,PARTIAL_FILL
2024-11-19,WH-LAG1,PRD-0121,15,CUS-01410,STOCKOUT
2024-11-19,WH-LAG1,PRD-0121,6,CUS-00056,STOCKOUT
2024-11-19,WH-IBD,PRD-0126,15,CUS-00828,STOCKOUT
2024-11-19,WH-PHC,PRD-0154,13,CUS-00845,PARTIAL_FILL
2024-11-20,WH-PHC,PRD-0012,4,CUS-01481,PARTIAL_FILL
2024-11-20,WH-LAG1,PRD-0023,7,CUS-01907,STOCKOUT
2024-11-21,WH-ABJ,PRD-0017,8,CUS-00592,PARTIAL_FILL
2024-11-21,WH-LAG2,PRD-0074,3,CUS-01406,PARTIAL_FILL
2024-11-21,WH-LAG2,PRD-0086,13,CUS-00060,STOCKOUT
2024-11-22,WH-LAG2,PRD-0074,7,CUS-01624,STOCKOUT
2024-11-22,WH-PHC,PRD-0074,20,CUS-01284,PARTIAL_FILL
2024-11-22,WH-LAG2,PRD-0086,11,CUS-00699,STOCKOUT
2024-11-23,WH-LAG1,PRD-0023,9,CUS-00506,STOCKOUT
2024-11-23,WH-LAG2,PRD-0074,9,CUS-00483,STOCKOUT
2024-11-23,WH-IBD,PRD-0164,2,CUS-02347,PARTIAL_FILL
2024-11-23,WH-PHC,PRD-0165,1,CUS-01450,PARTIAL_FILL
2024-11-24,WH-PHC,PRD-0037,8,CUS-00760,PARTIAL_FILL
2024-11-24,WH-LAG2,PRD-0086,3,CUS-00624,STOCKOUT
2024-11-24,WH-IBD,PRD-0107,11,CUS-00239,STOCKOUT
2024-11-25,WH-PHC,PRD-0037,9,CUS-01296,STOCKOUT
2024-11-25,WH-IBD,PRD-0118,4,CUS-00871,STOCKOUT
2024-11-25,WH-LAG2,PRD-0134,2,CUS-00158,PARTIAL_FILL
2024-11-25,WH-PHC,PRD-0150,19,CUS-00626,PARTIAL_FILL
2024-11-26,WH-PHC,PRD-0013,2,CUS-00605,PARTIAL_FILL
2024-11-26,WH-ABJ,PRD-0027,5,CUS-00448,STOCKOUT
2024-11-26,WH-IBD,PRD-0057,5,CUS-01245,PARTIAL_FILL
2024-11-27,WH-ABJ,PRD-0066,15,CUS-01124,PARTIAL_FILL
2024-11-27,WH-PHC,PRD-0074,5,CUS-02227,STOCKOUT
2024-11-27,WH-IBD,PRD-0126,8,CUS-01306,STOCKOUT
2024-11-28,WH-LAG1,PRD-0057,10,CUS-01363,PARTIAL_FILL
2024-11-28,WH-LAG2,PRD-0074,12,CUS-02254,STOCKOUT
2024-11-28,WH-LAG2,PRD-0074,2,CUS-01572,STOCKOUT
2024-11-28,WH-PHC,PRD-0074,3,CUS-00898,STOCKOUT
2024-11-28,WH-ABJ,PRD-0090,4,CUS-00593,PARTIAL_FILL
2024-11-28,WH-ABJ,PRD-0090,10,CUS-01976,STOCKOUT
2024-11-28,WH-ABJ,PRD-0090,13,CUS-01964,STOCKOUT
2024-11-28,WH-IBD,PRD-0104,2,CUS-02009,PARTIAL_FILL
2024-11-28,WH-PHC,PRD-0106,3,CUS-00054,PARTIAL_FILL
2024-11-29,WH-ABJ,PRD-0090,3,CUS-01679,STOCKOUT
2024-11-29,WH-ABJ,PRD-0090,1,CUS-01950,STOCKOUT
2024-11-29,WH-ABJ,PRD-0090,10,CUS-01603,STOCKOUT
2024-11-29,WH-ABJ,PRD-0090,8,CUS-01639,STOCKOUT
2024-11-29,WH-ABJ,PRD-0090,6,CUS-01680,STOCKOUT
2024-11-29,WH-ABJ,PRD-0090,9,CUS-01887,STOCKOUT
2024-11-30,WH-LAG1,PRD-0013,5,CUS-02494,PARTIAL_FILL
2024-12-01,WH-LAG1,PRD-0057,3,CUS-00699,STOCKOUT
2024-12-01,WH-ABJ,PRD-0090,15,CUS-01085,STOCKOUT
2024-12-01,WH-PHC,PRD-0144,6,CUS-01022,PARTIAL_FILL
2024-12-02,WH-PHC,PRD-0025,5,CUS-00272,PARTIAL_FILL
2024-12-02,WH-IBD,PRD-0033,10,CUS-00214,STOCKOUT
2024-12-02,WH-IBD,PRD-0057,10,CUS-01944,STOCKOUT
2024-12-02,WH-LAG2,PRD-0086,5,CUS-00574,STOCKOUT
2024-12-02,WH-ABJ,PRD-0090,7,CUS-00172,STOCKOUT
2024-12-03,WH-ABJ,PRD-0090,9,CUS-00541,STOCKOUT
2024-12-03,WH-ABJ,PRD-0090,11,CUS-02193,STOCKOUT
2024-12-03,WH-ABJ,PRD-0090,23,CUS-02020,STOCKOUT
2024-12-03,WH-ABJ,PRD-0090,5,CUS-01668,STOCKOUT
2024-12-03,WH-ABJ,PRD-0127,4,CUS-01774,PARTIAL_FILL
2024-12-03,WH-LAG1,PRD-0152,1,CUS-01096,PARTIAL_FILL
2024-12-04,WH-LAG1,PRD-0013,4,CUS-00784,STOCKOUT
2024-12-04,WH-IBD,PRD-0057,4,CUS-01727,STOCKOUT
2024-12-04,WH-LAG1,PRD-0088,5,CUS-01442,PARTIAL_FILL
2024-12-04,WH-ABJ,PRD-0090,9,CUS-00171,STOCKOUT
2024-12-04,WH-ABJ,PRD-0090,16,CUS-00051,STOCKOUT
2024-12-04,WH-ABJ,PRD-0090,3,CUS-02442,STOCKOUT
2024-12-04,WH-ABJ,PRD-0120,2,CUS-00090,PARTIAL_FILL
2024-12-05,WH-IBD,PRD-0057,7,CUS-00629,STOCKOUT
2024-12-05,WH-ABJ,PRD-0090,6,CUS-02141,STOCKOUT
2024-12-05,WH-ABJ,PRD-0090,9,CUS-00827,STOCKOUT
2024-12-05,WH-ABJ,PRD-0090,13,CUS-01794,STOCKOUT
2024-12-05,WH-ABJ,PRD-0165,5,CUS-01818,PARTIAL_FILL
2024-12-06,WH-ABJ,PRD-0017,3,CUS-02359,STOCKOUT
2024-12-06,WH-LAG1,PRD-0028,11,CUS-01736,PARTIAL_FILL
2024-12-06,WH-ABJ,PRD-0090,14,CUS-02134,STOCKOUT
2024-12-06,WH-IBD,PRD-0107,9,CUS-01366,STOCKOUT
2024-12-06,WH-PHC,PRD-0144,8,CUS-01840,STOCKOUT
2024-12-06,WH-PHC,PRD-0157,10,CUS-00463,PARTIAL_FILL
2024-12-07,WH-IBD,PRD-0057,4,CUS-02016,STOCKOUT
2024-12-07,WH-ABJ,PRD-0117,9,CUS-00922,PARTIAL_FILL
2024-12-07,WH-LAG2,PRD-0164,7,CUS-00693,STOCKOUT
2024-12-09,WH-LAG1,PRD-0028,10,CUS-01874,STOCKOUT
2024-12-09,WH-PHC,PRD-0049,15,CUS-01137,PARTIAL_FILL
2024-12-09,WH-ABJ,PRD-0070,2,CUS-02094,PARTIAL_FILL
2024-12-09,WH-LAG1,PRD-0154,3,CUS-00729,PARTIAL_FILL
2024-12-10,WH-IBD,PRD-0022,3,CUS-01750,PARTIAL_FILL
2024-12-10,WH-LAG1,PRD-0025,8,CUS-00282,PARTIAL_FILL
2024-12-10,WH-IBD,PRD-0070,14,CUS-01664,PARTIAL_FILL
2024-12-10,WH-LAG1,PRD-0088,10,CUS-01575,STOCKOUT
2024-12-10,WH-ABJ,PRD-0090,7,CUS-00571,STOCKOUT
2024-12-10,WH-ABJ,PRD-0090,2,CUS-01020,STOCKOUT
2024-12-10,WH-ABJ,PRD-0090,4,CUS-00620,STOCKOUT
2024-12-10,WH-ABJ,PRD-0090,7,CUS-02135,STOCKOUT
2024-12-10,WH-ABJ,PRD-0090,4,CUS-01487,STOCKOUT
2024-12-10,WH-LAG1,PRD-0123,7,CUS-02016,PARTIAL_FILL
2024-12-10,WH-PHC,PRD-0130,12,CUS-02072,PARTIAL_FILL
2024-12-11,WH-PHC,PRD-0013,13,CUS-00221,STOCKOUT
2024-12-11,WH-PHC,PRD-0026,11,CUS-02447,PARTIAL_FILL
2024-12-11,WH-LAG1,PRD-0028,15,CUS-00621,STOCKOUT
2024-12-11,WH-IBD,PRD-0046,15,CUS-01611,PARTIAL_FILL
2024-12-11,WH-LAG2,PRD-0047,5,CUS-00917,STOCKOUT
2024-12-11,WH-PHC,PRD-0084,4,CUS-02025,PARTIAL_FILL
2024-12-11,WH-LAG1,PRD-0094,21,CUS-01629,PARTIAL_FILL
2024-12-11,WH-IBD,PRD-0102,2,CUS-00729,PARTIAL_FILL
2024-12-11,WH-LAG1,PRD-0123,4,CUS-02202,STOCKOUT
2024-12-11,WH-IBD,PRD-0146,15,CUS-00244,STOCKOUT
2024-12-11,WH-LAG2,PRD-0164,2,CUS-01957,STOCKOUT
2024-12-12,WH-LAG2,PRD-0047,11,CUS-02465,STOCKOUT
2024-12-12,WH-PHC,PRD-0049,5,CUS-00018,STOCKOUT
2024-12-12,WH-ABJ,PRD-0067,12,CUS-01019,STOCKOUT
2024-12-12,WH-LAG1,PRD-0123,9,CUS-02209,STOCKOUT
2024-12-12,WH-LAG1,PRD-0123,8,CUS-01260,STOCKOUT
2024-12-12,WH-LAG2,PRD-0125,5,CUS-01280,PARTIAL_FILL
2024-12-13,WH-IBD,PRD-0030,22,CUS-01789,PARTIAL_FILL
2024-12-13,WH-LAG2,PRD-0078,12,CUS-01681,PARTIAL_FILL
2024-12-13,WH-LAG1,PRD-0081,3,CUS-00067,PARTIAL_FILL
2024-12-13,WH-LAG2,PRD-0090,6,CUS-00662,STOCKOUT
2024-12-13,WH-LAG2,PRD-0090,7,CUS-02368,STOCKOUT
2024-12-13,WH-LAG2,PRD-0090,1,CUS-00161,STOCKOUT
2024-12-13,WH-LAG2,PRD-0090,20,CUS-01350,STOCKOUT
2024-12-13,WH-IBD,PRD-0094,5,CUS-01076,PARTIAL_FILL
2024-12-13,WH-LAG1,PRD-0123,6,CUS-00569,STOCKOUT
2024-12-13,WH-LAG2,PRD-0125,6,CUS-02468,STOCKOUT
2024-12-13,WH-LAG2,PRD-0125,3,CUS-01302,STOCKOUT
2024-12-14,WH-ABJ,PRD-0006,11,CUS-00149,PARTIAL_FILL
2024-12-14,WH-LAG1,PRD-0025,16,CUS-00423,STOCKOUT
2024-12-14,WH-IBD,PRD-0080,11,CUS-01002,PARTIAL_FILL
2024-12-14,WH-LAG2,PRD-0114,9,CUS-00157,PARTIAL_FILL
2024-12-15,WH-LAG2,PRD-0090,9,CUS-01443,STOCKOUT
2024-12-15,WH-LAG2,PRD-0119,2,CUS-01775,PARTIAL_FILL
2024-12-16,WH-LAG1,PRD-0017,7,CUS-00656,PARTIAL_FILL
2024-12-16,WH-LAG1,PRD-0017,16,CUS-00302,STOCKOUT
2024-12-16,WH-ABJ,PRD-0017,5,CUS-00863,STOCKOUT
2024-12-16,WH-LAG2,PRD-0078,12,CUS-02492,STOCKOUT
2024-12-16,WH-LAG1,PRD-0088,5,CUS-00756,STOCKOUT
2024-12-16,WH-LAG2,PRD-0090,1,CUS-00037,STOCKOUT
2024-12-16,WH-LAG2,PRD-0097,5,CUS-01725,PARTIAL_FILL
2024-12-16,WH-LAG1,PRD-0118,3,CUS-00338,PARTIAL_FILL
2024-12-16,WH-LAG1,PRD-0118,1,CUS-01870,STOCKOUT
2024-12-17,WH-LAG2,PRD-0028,4,CUS-02430,PARTIAL_FILL
2024-12-17,WH-ABJ,PRD-0079,8,CUS-02457,PARTIAL_FILL
2024-12-17,WH-LAG2,PRD-0090,4,CUS-02241,STOCKOUT
2024-12-17,WH-LAG2,PRD-0090,5,CUS-01540,STOCKOUT
2024-12-17,WH-IBD,PRD-0100,16,CUS-00115,PARTIAL_FILL
2024-12-17,WH-LAG1,PRD-0119,7,CUS-02042,PARTIAL_FILL
2024-12-18,WH-IBD,PRD-0064,6,CUS-01208,PARTIAL_FILL
2024-12-18,WH-LAG2,PRD-0076,2,CUS-00354,PARTIAL_FILL
2024-12-18,WH-LAG1,PRD-0086,3,CUS-00415,PARTIAL_FILL
2024-12-18,WH-LAG1,PRD-0086,2,CUS-00730,STOCKOUT
2024-12-18,WH-IBD,PRD-0094,5,CUS-02121,STOCKOUT
2024-12-18,WH-ABJ,PRD-0110,31,CUS-01674,PARTIAL_FILL
2024-12-18,WH-ABJ,PRD-0150,14,CUS-02146,PARTIAL_FILL
2024-12-18,WH-LAG1,PRD-0154,5,CUS-00817,STOCKOUT
2024-12-19,WH-LAG2,PRD-0003,3,CUS-01011,PARTIAL_FILL
2024-12-19,WH-LAG1,PRD-0017,4,CUS-00802,STOCKOUT
2024-12-19,WH-LAG2,PRD-0090,18,CUS-01132,STOCKOUT
2024-12-19,WH-LAG2,PRD-0090,16,CUS-00718,STOCKOUT
2024-12-19,WH-LAG1,PRD-0099,10,CUS-02346,PARTIAL_FILL
2024-12-19,WH-LAG1,PRD-0118,16,CUS-02058,STOCKOUT
2024-12-20,WH-IBD,PRD-0022,6,CUS-00203,STOCKOUT
2024-12-20,WH-IBD,PRD-0046,20,CUS-00032,STOCKOUT
2024-12-20,WH-IBD,PRD-0046,4,CUS-01632,STOCKOUT
2024-12-20,WH-ABJ,PRD-0047,22,CUS-02318,PARTIAL_FILL
2024-12-20,WH-LAG2,PRD-0078,16,CUS-00158,STOCKOUT
2024-12-20,WH-PHC,PRD-0096,11,CUS-00796,PARTIAL_FILL
2024-12-21,WH-ABJ,PRD-0005,2,CUS-00330,PARTIAL_FILL
2024-12-21,WH-ABJ,PRD-0013,2,CUS-01515,PARTIAL_FILL
2024-12-22,WH-ABJ,PRD-0047,6,CUS-01038,STOCKOUT
2024-12-22,WH-IBD,PRD-0060,12,CUS-01932,PARTIAL_FILL
2024-12-22,WH-LAG2,PRD-0078,5,CUS-00561,STOCKOUT
2024-12-23,WH-ABJ,PRD-0002,1,CUS-00505,PARTIAL_FILL
2024-12-23,WH-LAG1,PRD-0009,10,CUS-02123,PARTIAL_FILL
2024-12-23,WH-LAG1,PRD-0017,4,CUS-00801,STOCKOUT
2024-12-23,WH-IBD,PRD-0074,1,CUS-02453,PARTIAL_FILL
2024-12-23,WH-IBD,PRD-0076,4,CUS-00557,PARTIAL_FILL
2024-12-23,WH-ABJ,PRD-0078,17,CUS-02384,PARTIAL_FILL
2024-12-23,WH-ABJ,PRD-0078,3,CUS-01004,STOCKOUT
2024-12-23,WH-IBD,PRD-0079,3,CUS-01167,PARTIAL_FILL
2024-12-23,WH-LAG1,PRD-0087,11,CUS-01294,PARTIAL_FILL
2024-12-23,WH-LAG2,PRD-0092,6,CUS-01625,PARTIAL_FILL
2024-12-23,WH-LAG1,PRD-0114,1,CUS-01292,PARTIAL_FILL
2024-12-23,WH-ABJ,PRD-0121,5,CUS-02126,PARTIAL_FILL
2024-12-23,WH-ABJ,PRD-0135,5,CUS-01154,PARTIAL_FILL
2024-12-23,WH-LAG2,PRD-0144,4,CUS-00323,PARTIAL_FILL
2024-12-24,WH-LAG2,PRD-0024,2,CUS-01000,PARTIAL_FILL
2024-12-24,WH-ABJ,PRD-0039,18,CUS-01774,PARTIAL_FILL
2024-12-24,WH-LAG1,PRD-0114,13,CUS-02015,STOCKOUT
2024-12-24,WH-IBD,PRD-0127,14,CUS-01725,PARTIAL_FILL
2024-12-25,WH-LAG2,PRD-0025,4,CUS-01421,PARTIAL_FILL
2024-12-25,WH-ABJ,PRD-0039,10,CUS-01790,STOCKOUT
2024-12-25,WH-IBD,PRD-0046,10,CUS-00893,STOCKOUT
2024-12-25,WH-ABJ,PRD-0065,2,CUS-00665,PARTIAL_FILL
2024-12-25,WH-IBD,PRD-0114,3,CUS-01153,PARTIAL_FILL
2024-12-25,WH-LAG1,PRD-0118,10,CUS-02042,STOCKOUT
2024-12-25,WH-IBD,PRD-0127,4,CUS-00633,STOCKOUT
2024-12-26,WH-ABJ,PRD-0047,12,CUS-00209,STOCKOUT
2024-12-26,WH-ABJ,PRD-0061,19,CUS-00585,STOCKOUT
2024-12-26,WH-LAG2,PRD-0078,2,CUS-00538,STOCKOUT
2024-12-26,WH-ABJ,PRD-0080,2,CUS-00180,PARTIAL_FILL
2024-12-26,WH-LAG1,PRD-0118,5,CUS-01329,STOCKOUT
2024-12-26,WH-LAG1,PRD-0118,7,CUS-02385,STOCKOUT
2024-12-26,WH-LAG1,PRD-0118,8,CUS-01601,STOCKOUT
2024-12-26,WH-ABJ,PRD-0121,25,CUS-02449,STOCKOUT
2024-12-27,WH-ABJ,PRD-0002,2,CUS-02441,STOCKOUT
2024-12-27,WH-PHC,PRD-0047,3,CUS-01001,PARTIAL_FILL
2024-12-27,WH-LAG2,PRD-0048,5,CUS-01424,PARTIAL_FILL
2024-12-27,WH-PHC,PRD-0065,1,CUS-01456,PARTIAL_FILL
2024-12-27,WH-ABJ,PRD-0098,25,CUS-01762,PARTIAL_FILL
2024-12-27,WH-ABJ,PRD-0098,10,CUS-01264,STOCKOUT
2024-12-27,WH-LAG1,PRD-0118,4,CUS-00917,STOCKOUT
2024-12-27,WH-LAG1,PRD-0154,12,CUS-01282,STOCKOUT
2024-12-27,WH-LAG1,PRD-0154,8,CUS-02306,STOCKOUT
2024-12-28,WH-ABJ,PRD-0012,9,CUS-02276,PARTIAL_FILL
2024-12-28,WH-LAG1,PRD-0017,27,CUS-00875,STOCKOUT
2024-12-28,WH-LAG2,PRD-0048,12,CUS-01248,STOCKOUT
2024-12-28,WH-LAG1,PRD-0061,10,CUS-00108,PARTIAL_FILL
2024-12-28,WH-LAG2,PRD-0119,19,CUS-00254,STOCKOUT
2024-12-29,WH-LAG2,PRD-0092,14,CUS-00323,STOCKOUT
2024-12-30,WH-ABJ,PRD-0002,11,CUS-01549,STOCKOUT
2024-12-30,WH-LAG2,PRD-0024,16,CUS-01408,STOCKOUT
2024-12-30,WH-IBD,PRD-0076,18,CUS-00161,STOCKOUT
2024-12-30,WH-IBD,PRD-0097,3,CUS-02065,PARTIAL_FILL
2024-12-30,WH-ABJ,PRD-0098,10,CUS-01933,STOCKOUT
2024-12-30,WH-ABJ,PRD-0098,6,CUS-02282,STOCKOUT
2024-12-30,WH-LAG2,PRD-0102,9,CUS-01380,PARTIAL_FILL
2024-12-30,WH-LAG1,PRD-0103,30,CUS-02237,PARTIAL_FILL
2024-12-31,WH-ABJ,PRD-0023,5,CUS-00618,PARTIAL_FILL
2024-12-31,WH-ABJ,PRD-0061,8,CUS-01359,STOCKOUT
2024-12-31,WH-ABJ,PRD-0061,2,CUS-01964,STOCKOUT
2024-12-31,WH-ABJ,PRD-0061,4,CUS-01085,STOCKOUT
2024-12-31,WH-ABJ,PRD-0065,7,CUS-00964,STOCKOUT
2024-12-31,WH-IBD,PRD-0080,5,CUS-00565,STOCKOUT
2024-12-31,WH-LAG1,PRD-0114,10,CUS-00107,STOCKOUT
2024-12-31,WH-PHC,PRD-0118,5,CUS-01021,PARTIAL_FILL
2024-12-31,WH-LAG1,PRD-0119,5,CUS-02033,STOCKOUT
2024-12-31,WH-ABJ,PRD-0140,5,CUS-01914,PARTIAL_FILL
2024-12-31,WH-LAG2,PRD-0143,10,CUS-02200,STOCKOUT
2024-12-31,WH-IBD,PRD-0168,42,CUS-01192,PARTIAL_FILL
2025-01-01,WH-IBD,PRD-0074,6,CUS-01787,STOCKOUT
2025-01-01,WH-IBD,PRD-0084,21,CUS-00576,STOCKOUT
2025-01-01,WH-PHC,PRD-0167,1,CUS-00849,PARTIAL_FILL
2025-01-02,WH-IBD,PRD-0046,14,CUS-01770,STOCKOUT
2025-01-02,WH-PHC,PRD-0047,11,CUS-02074,STOCKOUT
2025-01-02,WH-LAG1,PRD-0099,4,CUS-00179,STOCKOUT
2025-01-03,WH-IBD,PRD-0046,9,CUS-01408,STOCKOUT
2025-01-03,WH-PHC,PRD-0056,11,CUS-02272,PARTIAL_FILL
2025-01-03,WH-ABJ,PRD-0098,7,CUS-02225,STOCKOUT
2025-01-03,WH-IBD,PRD-0127,4,CUS-02221,STOCKOUT
2025-01-03,WH-LAG1,PRD-0137,6,CUS-00344,PARTIAL_FILL
2025-01-04,WH-LAG1,PRD-0070,15,CUS-02160,PARTIAL_FILL
2025-01-04,WH-IBD,PRD-0073,2,CUS-01807,PARTIAL_FILL
2025-01-06,WH-IBD,PRD-0073,3,CUS-02372,STOCKOUT
2025-01-06,WH-IBD,PRD-0080,10,CUS-01903,STOCKOUT
2025-01-06,WH-LAG1,PRD-0105,19,CUS-01931,PARTIAL_FILL
2025-01-07,WH-LAG1,PRD-0001,7,CUS-01564,PARTIAL_FILL
2025-01-07,WH-LAG1,PRD-0001,3,CUS-02500,STOCKOUT
2025-01-07,WH-IBD,PRD-0074,11,CUS-02270,STOCKOUT
2025-01-08,WH-IBD,PRD-0074,3,CUS-01796,STOCKOUT
2025-01-08,WH-PHC,PRD-0123,14,CUS-00097,STOCKOUT
2025-01-08,WH-IBD,PRD-0140,8,CUS-01046,PARTIAL_FILL
2025-01-08,WH-PHC,PRD-0146,19,CUS-01581,PARTIAL_FILL
2025-01-08,WH-PHC,PRD-0149,4,CUS-00796,PARTIAL_FILL
2025-01-09,WH-IBD,PRD-0005,6,CUS-00650,PARTIAL_FILL
2025-01-09,WH-ABJ,PRD-0019,2,CUS-01781,PARTIAL_FILL
2025-01-09,WH-LAG2,PRD-0048,13,CUS-02416,STOCKOUT
2025-01-10,WH-PHC,PRD-0047,9,CUS-00550,STOCKOUT
2025-01-10,WH-PHC,PRD-0118,2,CUS-00734,STOCKOUT
2025-01-10,WH-PHC,PRD-0118,7,CUS-00988,STOCKOUT
2025-01-10,WH-LAG1,PRD-0137,3,CUS-00543,STOCKOUT
2025-01-10,WH-IBD,PRD-0148,4,CUS-00121,PARTIAL_FILL
2025-01-11,WH-LAG1,PRD-0001,4,CUS-01545,STOCKOUT
2025-01-11,WH-ABJ,PRD-0028,16,CUS-00724,PARTIAL_FILL
2025-01-11,WH-IBD,PRD-0080,3,CUS-00817,STOCKOUT
2025-01-12,WH-IBD,PRD-0080,11,CUS-02142,STOCKOUT
2025-01-13,WH-LAG1,PRD-0101,12,CUS-00989,PARTIAL_FILL
2025-01-14,WH-LAG1,PRD-0080,10,CUS-01761,PARTIAL_FILL
2025-01-14,WH-LAG1,PRD-0105,3,CUS-00114,STOCKOUT
2025-01-15,WH-IBD,PRD-0005,6,CUS-02051,STOCKOUT
2025-01-15,WH-LAG1,PRD-0015,8,CUS-02143,PARTIAL_FILL
2025-01-15,WH-LAG1,PRD-0072,7,CUS-01563,PARTIAL_FILL
2025-01-15,WH-LAG1,PRD-0080,1,CUS-00273,STOCKOUT
2025-01-18,WH-LAG1,PRD-0067,21,CUS-01161,PARTIAL_FILL
2025-01-20,WH-PHC,PRD-0046,18,CUS-00783,PARTIAL_FILL
2025-01-20,WH-LAG2,PRD-0064,4,CUS-01034,PARTIAL_FILL
2025-01-20,WH-PHC,PRD-0096,18,CUS-02175,PARTIAL_FILL
2025-01-20,WH-IBD,PRD-0107,2,CUS-00844,PARTIAL_FILL
2025-01-22,WH-ABJ,PRD-0034,6,CUS-00986,PARTIAL_FILL
2025-01-22,WH-LAG1,PRD-0080,5,CUS-02180,STOCKOUT
2025-01-23,WH-PHC,PRD-0116,2,CUS-00131,PARTIAL_FILL
2025-01-23,WH-ABJ,PRD-0148,3,CUS-01272,PARTIAL_FILL
2025-01-24,WH-IBD,PRD-0116,3,CUS-01943,PARTIAL_FILL
2025-01-25,WH-LAG2,PRD-0086,27,CUS-01850,PARTIAL_FILL
2025-01-25,WH-LAG1,PRD-0128,12,CUS-02270,PARTIAL_FILL
2025-01-28,WH-ABJ,PRD-0003,7,CUS-01504,PARTIAL_FILL
2025-01-28,WH-ABJ,PRD-0028,14,CUS-02439,STOCKOUT
2025-01-28,WH-PHC,PRD-0071,8,CUS-01756,PARTIAL_FILL
2025-01-29,WH-LAG2,PRD-0086,2,CUS-01402,STOCKOUT
2025-01-29,WH-LAG2,PRD-0086,18,CUS-01115,STOCKOUT
2025-01-30,WH-PHC,PRD-0005,8,CUS-00245,PARTIAL_FILL
2025-01-30,WH-LAG2,PRD-0009,17,CUS-00087,PARTIAL_FILL
2025-01-30,WH-PHC,PRD-0041,6,CUS-01456,PARTIAL_FILL
2025-01-30,WH-IBD,PRD-0061,15,CUS-01989,PARTIAL_FILL
2025-01-30,WH-LAG1,PRD-0067,15,CUS-01409,STOCKOUT
2025-01-31,WH-LAG1,PRD-0010,9,CUS-00533,PARTIAL_FILL
2025-01-31,WH-IBD,PRD-0017,17,CUS-02349,PARTIAL_FILL
2025-01-31,WH-LAG2,PRD-0064,6,CUS-02132,STOCKOUT
2025-01-31,WH-LAG2,PRD-0127,9,CUS-00426,STOCKOUT
2025-02-01,WH-LAG2,PRD-0143,6,CUS-01541,PARTIAL_FILL
2025-02-03,WH-ABJ,PRD-0046,2,CUS-00280,PARTIAL_FILL
2025-02-04,WH-PHC,PRD-0005,4,CUS-01163,STOCKOUT
2025-02-04,WH-IBD,PRD-0049,17,CUS-01979,PARTIAL_FILL
2025-02-04,WH-IBD,PRD-0126,2,CUS-00572,PARTIAL_FILL
2025-02-06,WH-LAG2,PRD-0053,1,CUS-00450,PARTIAL_FILL
2025-02-06,WH-ABJ,PRD-0148,3,CUS-01627,STOCKOUT
2025-02-07,WH-IBD,PRD-0017,12,CUS-00694,STOCKOUT
2025-02-07,WH-LAG2,PRD-0053,17,CUS-01493,STOCKOUT
2025-02-08,WH-PHC,PRD-0167,4,CUS-01526,STOCKOUT
2025-02-08,WH-PHC,PRD-0168,15,CUS-01396,PARTIAL_FILL
2025-02-10,WH-ABJ,PRD-0076,1,CUS-00692,PARTIAL_FILL
2025-02-11,WH-LAG2,PRD-0143,1,CUS-01244,STOCKOUT
2025-02-17,WH-LAG2,PRD-0086,15,CUS-01850,STOCKOUT
2025-02-17,WH-ABJ,PRD-0119,23,CUS-02233,PARTIAL_FILL
2025-02-18,WH-PHC,PRD-0071,3,CUS-00885,STOCKOUT
2025-02-18,WH-IBD,PRD-0085,8,CUS-01746,PARTIAL_FILL
2025-02-18,WH-LAG2,PRD-0131,2,CUS-02375,PARTIAL_FILL
2025-02-19,WH-PHC,PRD-0107,1,CUS-01403,PARTIAL_FILL
2025-02-20,WH-LAG2,PRD-0010,3,CUS-00110,PARTIAL_FILL
2025-02-20,WH-LAG2,PRD-0102,5,CUS-01970,PARTIAL_FILL
2025-02-21,WH-PHC,PRD-0014,3,CUS-00383,PARTIAL_FILL
2025-02-21,WH-PHC,PRD-0022,10,CUS-00860,STOCKOUT
2025-02-21,WH-IBD,PRD-0055,14,CUS-01103,PARTIAL_FILL
2025-02-21,WH-LAG2,PRD-0058,4,CUS-00470,PARTIAL_FILL
2025-02-21,WH-LAG2,PRD-0102,6,CUS-01123,STOCKOUT
2025-02-21,WH-PHC,PRD-0163,8,CUS-00720,PARTIAL_FILL
2025-02-22,WH-LAG1,PRD-0023,3,CUS-02364,PARTIAL_FILL
2025-02-22,WH-LAG1,PRD-0097,5,CUS-01593,PARTIAL_FILL
2025-02-24,WH-LAG2,PRD-0026,10,CUS-00601,PARTIAL_FILL
2025-02-24,WH-LAG2,PRD-0102,10,CUS-01096,STOCKOUT
2025-02-24,WH-LAG2,PRD-0110,2,CUS-01545,PARTIAL_FILL
2025-02-24,WH-LAG2,PRD-0148,5,CUS-02079,PARTIAL_FILL
2025-02-25,WH-ABJ,PRD-0144,3,CUS-00502,PARTIAL_FILL
2025-02-26,WH-ABJ,PRD-0035,3,CUS-01165,PARTIAL_FILL
2025-02-26,WH-PHC,PRD-0069,2,CUS-00884,PARTIAL_FILL
2025-02-26,WH-LAG1,PRD-0076,7,CUS-02488,PARTIAL_FILL
2025-02-26,WH-LAG1,PRD-0097,7,CUS-01362,STOCKOUT
2025-02-26,WH-LAG1,PRD-0097,4,CUS-00703,STOCKOUT
2025-02-26,WH-LAG2,PRD-0148,2,CUS-00069,STOCKOUT
2025-02-28,WH-LAG2,PRD-0102,4,CUS-00166,STOCKOUT
2025-02-28,WH-IBD,PRD-0128,9,CUS-02211,PARTIAL_FILL
2025-02-28,WH-PHC,PRD-0162,1,CUS-00271,PARTIAL_FILL
2025-03-01,WH-LAG1,PRD-0097,11,CUS-02240,STOCKOUT
2025-03-02,WH-IBD,PRD-0003,18,CUS-01311,PARTIAL_FILL
2025-03-02,WH-IBD,PRD-0052,10,CUS-02031,PARTIAL_FILL
2025-03-02,WH-IBD,PRD-0150,7,CUS-01666,PARTIAL_FILL
2025-03-03,WH-LAG2,PRD-0002,8,CUS-02165,PARTIAL_FILL
2025-03-03,WH-IBD,PRD-0029,11,CUS-01048,PARTIAL_FILL
2025-03-04,WH-ABJ,PRD-0017,1,CUS-02292,PARTIAL_FILL
2025-03-04,WH-ABJ,PRD-0066,17,CUS-01635,PARTIAL_FILL
2025-03-04,WH-IBD,PRD-0135,14,CUS-02395,PARTIAL_FILL
2025-03-05,WH-ABJ,PRD-0043,2,CUS-00713,PARTIAL_FILL
2025-03-06,WH-LAG2,PRD-0002,5,CUS-02285,STOCKOUT
2025-03-07,WH-IBD,PRD-0135,2,CUS-01013,STOCKOUT
2025-03-09,WH-PHC,PRD-0069,11,CUS-01918,PARTIAL_FILL
2025-03-11,WH-LAG1,PRD-0003,1,CUS-01132,PARTIAL_FILL
2025-03-11,WH-LAG1,PRD-0003,5,CUS-02277,STOCKOUT
2025-03-11,WH-ABJ,PRD-0017,6,CUS-00300,STOCKOUT
2025-03-11,WH-PHC,PRD-0078,3,CUS-01277,PARTIAL_FILL
2025-03-11,WH-ABJ,PRD-0099,2,CUS-00017,PARTIAL_FILL
2025-03-11,WH-IBD,PRD-0135,7,CUS-02492,STOCKOUT
2025-03-12,WH-PHC,PRD-0013,18,CUS-00805,PARTIAL_FILL
2025-03-12,WH-PHC,PRD-0093,21,CUS-02057,PARTIAL_FILL
2025-03-13,WH-IBD,PRD-0018,16,CUS-02226,PARTIAL_FILL
2025-03-13,WH-IBD,PRD-0018,5,CUS-01098,STOCKOUT
2025-03-13,WH-PHC,PRD-0093,4,CUS-01717,STOCKOUT
2025-03-13,WH-ABJ,PRD-0144,5,CUS-02314,STOCKOUT
2025-03-15,WH-IBD,PRD-0135,24,CUS-01458,STOCKOUT
2025-03-16,WH-ABJ,PRD-0144,10,CUS-00490,STOCKOUT
2025-03-17,WH-PHC,PRD-0093,20,CUS-01091,STOCKOUT
2025-03-17,WH-ABJ,PRD-0144,7,CUS-00219,STOCKOUT
2025-03-17,WH-IBD,PRD-0148,5,CUS-02070,PARTIAL_FILL
2025-03-17,WH-IBD,PRD-0153,2,CUS-01791,PARTIAL_FILL
2025-03-18,WH-ABJ,PRD-0030,1,CUS-00571,PARTIAL_FILL
2025-03-18,WH-LAG2,PRD-0050,8,CUS-01255,PARTIAL_FILL
2025-03-18,WH-LAG2,PRD-0060,6,CUS-01922,PARTIAL_FILL
2025-03-18,WH-ABJ,PRD-0099,5,CUS-00741,STOCKOUT
2025-03-18,WH-LAG2,PRD-0157,4,CUS-02061,PARTIAL_FILL
2025-03-19,WH-LAG1,PRD-0061,4,CUS-02466,STOCKOUT
2025-03-19,WH-LAG1,PRD-0132,3,CUS-02211,PARTIAL_FILL
2025-03-19,WH-ABJ,PRD-0144,11,CUS-02281,STOCKOUT
2025-03-20,WH-IBD,PRD-0024,19,CUS-00911,PARTIAL_FILL
2025-03-21,WH-LAG2,PRD-0060,4,CUS-01098,STOCKOUT
2025-03-21,WH-ABJ,PRD-0101,1,CUS-01067,PARTIAL_FILL
2025-03-21,WH-ABJ,PRD-0149,13,CUS-00714,PARTIAL_FILL
2025-03-22,WH-IBD,PRD-0009,22,CUS-02262,PARTIAL_FILL
2025-03-22,WH-PHC,PRD-0099,6,CUS-01865,PARTIAL_FILL
2025-03-23,WH-PHC,PRD-0085,5,CUS-02272,PARTIAL_FILL
2025-03-24,WH-IBD,PRD-0020,41,CUS-01995,PARTIAL_FILL
2025-03-24,WH-IBD,PRD-0149,12,CUS-02446,PARTIAL_FILL
2025-03-25,WH-ABJ,PRD-0032,13,CUS-00178,PARTIAL_FILL
2025-03-25,WH-LAG1,PRD-0064,10,CUS-00671,PARTIAL_FILL
2025-03-26,WH-ABJ,PRD-0017,7,CUS-01340,STOCKOUT
2025-03-27,WH-LAG1,PRD-0091,2,CUS-01913,PARTIAL_FILL
2025-03-27,WH-PHC,PRD-0093,8,CUS-00458,STOCKOUT
2025-03-27,WH-PHC,PRD-0132,1,CUS-00956,PARTIAL_FILL
2025-03-28,WH-LAG2,PRD-0037,5,CUS-01028,PARTIAL_FILL
2025-03-28,WH-LAG1,PRD-0091,19,CUS-02060,STOCKOUT
2025-03-29,WH-LAG2,PRD-0047,3,CUS-01027,PARTIAL_FILL
2025-03-29,WH-ABJ,PRD-0050,10,CUS-01631,STOCKOUT
2025-03-29,WH-PHC,PRD-0050,17,CUS-01288,PARTIAL_FILL
2025-03-29,WH-IBD,PRD-0069,2,CUS-02217,PARTIAL_FILL
2025-03-30,WH-LAG2,PRD-0037,3,CUS-00742,STOCKOUT
2025-03-31,WH-LAG1,PRD-0064,11,CUS-01494,STOCKOUT
2025-03-31,WH-IBD,PRD-0064,2,CUS-02060,PARTIAL_FILL
2025-03-31,WH-LAG2,PRD-0100,10,CUS-00919,PARTIAL_FILL
2025-03-31,WH-IBD,PRD-0149,6,CUS-00517,STOCKOUT
2025-04-01,WH-IBD,PRD-0042,5,CUS-00719,PARTIAL_FILL
2025-04-01,WH-LAG1,PRD-0064,4,CUS-00062,STOCKOUT
2025-04-01,WH-ABJ,PRD-0084,1,CUS-01893,PARTIAL_FILL
2025-04-01,WH-ABJ,PRD-0084,2,CUS-00910,STOCKOUT
2025-04-01,WH-PHC,PRD-0085,7,CUS-01996,STOCKOUT
2025-04-01,WH-LAG2,PRD-0100,4,CUS-02327,STOCKOUT
2025-04-02,WH-IBD,PRD-0020,31,CUS-00742,STOCKOUT
2025-04-02,WH-ABJ,PRD-0022,2,CUS-01986,PARTIAL_FILL
2025-04-02,WH-PHC,PRD-0085,22,CUS-00771,STOCKOUT
2025-04-02,WH-LAG1,PRD-0091,3,CUS-00409,STOCKOUT
2025-04-02,WH-LAG2,PRD-0100,15,CUS-00940,STOCKOUT
2025-04-02,WH-PHC,PRD-0121,2,CUS-00112,STOCKOUT
2025-04-03,WH-PHC,PRD-0064,6,CUS-02092,PARTIAL_FILL
2025-04-03,WH-LAG2,PRD-0100,4,CUS-02016,STOCKOUT
2025-04-03,WH-LAG2,PRD-0163,5,CUS-01673,PARTIAL_FILL
2025-04-04,WH-PHC,PRD-0050,20,CUS-00790,STOCKOUT
2025-04-04,WH-PHC,PRD-0085,7,CUS-00914,STOCKOUT
2025-04-05,WH-IBD,PRD-0001,7,CUS-01410,PARTIAL_FILL
2025-04-05,WH-LAG2,PRD-0164,1,CUS-01501,PARTIAL_FILL
2025-04-06,WH-LAG2,PRD-0163,3,CUS-01684,STOCKOUT
2025-04-07,WH-PHC,PRD-0038,2,CUS-01481,PARTIAL_FILL
2025-04-07,WH-LAG2,PRD-0100,7,CUS-02463,STOCKOUT
2025-04-07,WH-ABJ,PRD-0167,35,CUS-01049,PARTIAL_FILL
2025-04-08,WH-PHC,PRD-0115,3,CUS-01753,PARTIAL_FILL
2025-04-08,WH-ABJ,PRD-0124,1,CUS-00986,PARTIAL_FILL
2025-04-09,WH-ABJ,PRD-0034,2,CUS-02219,PARTIAL_FILL
2025-04-09,WH-PHC,PRD-0059,3,CUS-00181,PARTIAL_FILL
2025-04-09,WH-IBD,PRD-0064,11,CUS-01037,STOCKOUT
2025-04-09,WH-IBD,PRD-0064,1,CUS-02500,STOCKOUT
2025-04-09,WH-ABJ,PRD-0117,4,CUS-00713,PARTIAL_FILL
2025-04-09,WH-IBD,PRD-0141,2,CUS-01245,PARTIAL_FILL
2025-04-10,WH-PHC,PRD-0009,2,CUS-00710,PARTIAL_FILL
2025-04-10,WH-LAG2,PRD-0100,1,CUS-02365,STOCKOUT
2025-04-10,WH-LAG2,PRD-0100,1,CUS-00954,STOCKOUT
2025-04-10,WH-PHC,PRD-0115,8,CUS-01228,STOCKOUT
2025-04-11,WH-LAG1,PRD-0027,25,CUS-01673,PARTIAL_FILL
2025-04-11,WH-LAG2,PRD-0037,7,CUS-00681,STOCKOUT
2025-04-11,WH-ABJ,PRD-0124,8,CUS-00642,STOCKOUT
2025-04-13,WH-ABJ,PRD-0038,2,CUS-02275,PARTIAL_FILL
2025-04-13,WH-LAG1,PRD-0132,3,CUS-01778,STOCKOUT
2025-04-14,WH-LAG2,PRD-0037,66,CUS-02374,STOCKOUT
2025-04-14,WH-PHC,PRD-0099,24,CUS-01972,STOCKOUT
2025-04-14,WH-PHC,PRD-0139,4,CUS-00813,PARTIAL_FILL
2025-04-14,WH-PHC,PRD-0158,9,CUS-00626,PARTIAL_FILL
2025-04-15,WH-PHC,PRD-0118,5,CUS-01832,PARTIAL_FILL
2025-04-15,WH-LAG1,PRD-0149,1,CUS-00975,PARTIAL_FILL
2025-04-16,WH-ABJ,PRD-0006,17,CUS-01437,PARTIAL_FILL
2025-04-16,WH-LAG1,PRD-0027,16,CUS-02013,STOCKOUT
2025-04-16,WH-ABJ,PRD-0062,3,CUS-01608,PARTIAL_FILL
2025-04-16,WH-IBD,PRD-0102,3,CUS-00176,PARTIAL_FILL
2025-04-17,WH-IBD,PRD-0074,1,CUS-01847,PARTIAL_FILL
2025-04-17,WH-PHC,PRD-0119,3,CUS-01806,PARTIAL_FILL
2025-04-17,WH-LAG2,PRD-0134,3,CUS-01227,PARTIAL_FILL
2025-04-18,WH-LAG2,PRD-0001,11,CUS-00173,PARTIAL_FILL
2025-04-19,WH-ABJ,PRD-0062,6,CUS-02281,STOCKOUT
2025-04-20,WH-LAG2,PRD-0098,11,CUS-00215,PARTIAL_FILL
2025-04-20,WH-IBD,PRD-0170,1,CUS-02378,PARTIAL_FILL
2025-04-21,WH-PHC,PRD-0070,6,CUS-00390,PARTIAL_FILL
2025-04-22,WH-PHC,PRD-0071,6,CUS-00112,PARTIAL_FILL
2025-04-22,WH-LAG1,PRD-0076,2,CUS-00518,PARTIAL_FILL
2025-04-22,WH-LAG2,PRD-0153,22,CUS-00945,PARTIAL_FILL
2025-04-23,WH-IBD,PRD-0052,23,CUS-01210,PARTIAL_FILL
2025-04-23,WH-PHC,PRD-0159,12,CUS-02023,PARTIAL_FILL
2025-04-24,WH-ABJ,PRD-0036,3,CUS-01066,PARTIAL_FILL
2025-04-25,WH-ABJ,PRD-0006,9,CUS-01218,STOCKOUT
2025-04-25,WH-IBD,PRD-0062,6,CUS-00108,PARTIAL_FILL
2025-04-26,WH-IBD,PRD-0061,25,CUS-01737,PARTIAL_FILL
2025-04-26,WH-LAG2,PRD-0098,17,CUS-00794,STOCKOUT
2025-04-28,WH-IBD,PRD-0046,3,CUS-00307,PARTIAL_FILL
2025-04-28,WH-LAG1,PRD-0110,1,CUS-01410,PARTIAL_FILL
2025-04-28,WH-ABJ,PRD-0130,10,CUS-00337,PARTIAL_FILL
2025-04-28,WH-PHC,PRD-0136,10,CUS-02357,PARTIAL_FILL
2025-04-29,WH-PHC,PRD-0027,1,CUS-01268,PARTIAL_FILL
2025-04-29,WH-LAG2,PRD-0091,1,CUS-01045,PARTIAL_FILL
2025-04-30,WH-LAG1,PRD-0024,2,CUS-02408,PARTIAL_FILL
2025-04-30,WH-LAG1,PRD-0036,1,CUS-02494,PARTIAL_FILL
2025-04-30,WH-IBD,PRD-0061,15,CUS-00068,STOCKOUT
2025-04-30,WH-LAG1,PRD-0096,10,CUS-02347,PARTIAL_FILL
2025-04-30,WH-PHC,PRD-0119,4,CUS-00627,STOCKOUT
2025-05-01,WH-LAG1,PRD-0044,8,CUS-00207,PARTIAL_FILL
2025-05-01,WH-LAG2,PRD-0078,4,CUS-01098,PARTIAL_FILL
2025-05-01,WH-LAG1,PRD-0112,10,CUS-01027,PARTIAL_FILL
2025-05-02,WH-LAG1,PRD-0076,14,CUS-01188,STOCKOUT
2025-05-02,WH-LAG1,PRD-0149,7,CUS-01874,STOCKOUT
2025-05-02,WH-LAG2,PRD-0152,7,CUS-01459,PARTIAL_FILL
2025-05-03,WH-LAG2,PRD-0001,6,CUS-00287,STOCKOUT
2025-05-03,WH-LAG2,PRD-0015,10,CUS-00346,PARTIAL_FILL
2025-05-03,WH-IBD,PRD-0040,13,CUS-00562,PARTIAL_FILL
2025-05-05,WH-LAG1,PRD-0027,2,CUS-02013,STOCKOUT
2025-05-05,WH-PHC,PRD-0035,6,CUS-00018,PARTIAL_FILL
2025-05-05,WH-LAG2,PRD-0076,2,CUS-01510,PARTIAL_FILL
2025-05-05,WH-LAG2,PRD-0078,24,CUS-00639,STOCKOUT
2025-05-05,WH-PHC,PRD-0159,4,CUS-02332,STOCKOUT
2025-05-06,WH-LAG1,PRD-0006,3,CUS-01829,PARTIAL_FILL
2025-05-06,WH-IBD,PRD-0034,11,CUS-01621,PARTIAL_FILL
2025-05-06,WH-LAG1,PRD-0036,13,CUS-00690,STOCKOUT
2025-05-06,WH-IBD,PRD-0078,6,CUS-01548,PARTIAL_FILL
2025-05-06,WH-LAG2,PRD-0091,2,CUS-01886,STOCKOUT
2025-05-06,WH-LAG2,PRD-0117,1,CUS-00629,PARTIAL_FILL
2025-05-07,WH-LAG1,PRD-0024,17,CUS-00839,STOCKOUT
2025-05-07,WH-IBD,PRD-0076,2,CUS-00384,PARTIAL_FILL
2025-05-07,WH-LAG2,PRD-0108,1,CUS-01656,PARTIAL_FILL
2025-05-07,WH-LAG2,PRD-0108,2,CUS-00967,STOCKOUT
2025-05-08,WH-IBD,PRD-0127,19,CUS-00270,PARTIAL_FILL
2025-05-08,WH-ABJ,PRD-0139,1,CUS-01149,PARTIAL_FILL
2025-05-09,WH-PHC,PRD-0035,12,CUS-01840,STOCKOUT
2025-05-09,WH-ABJ,PRD-0085,18,CUS-01691,PARTIAL_FILL
2025-05-10,WH-IBD,PRD-0061,5,CUS-00249,STOCKOUT
2025-05-11,WH-PHC,PRD-0024,8,CUS-00167,PARTIAL_FILL
2025-05-11,WH-LAG2,PRD-0108,9,CUS-00693,STOCKOUT
2025-05-12,WH-LAG2,PRD-0026,5,CUS-01520,PARTIAL_FILL
2025-05-12,WH-IBD,PRD-0058,35,CUS-00534,PARTIAL_FILL
2025-05-13,WH-IBD,PRD-0076,3,CUS-00002,STOCKOUT
2025-05-13,WH-LAG1,PRD-0147,1,CUS-00501,PARTIAL_FILL
2025-05-15,WH-LAG2,PRD-0018,5,CUS-01970,PARTIAL_FILL
2025-05-15,WH-LAG1,PRD-0036,12,CUS-00908,STOCKOUT
2025-05-15,WH-IBD,PRD-0127,12,CUS-00777,STOCKOUT
2025-05-16,WH-IBD,PRD-0072,7,CUS-00580,PARTIAL_FILL
2025-05-16,WH-ABJ,PRD-0085,5,CUS-00881,STOCKOUT
2025-05-16,WH-IBD,PRD-0121,6,CUS-00059,PARTIAL_FILL
2025-05-17,WH-ABJ,PRD-0141,7,CUS-01138,PARTIAL_FILL
2025-05-19,WH-LAG2,PRD-0045,1,CUS-00580,PARTIAL_FILL
2025-05-19,WH-IBD,PRD-0061,10,CUS-00685,STOCKOUT
2025-05-19,WH-PHC,PRD-0086,2,CUS-00767,PARTIAL_FILL
2025-05-20,WH-PHC,PRD-0005,8,CUS-02095,PARTIAL_FILL
2025-05-20,WH-ABJ,PRD-0056,20,CUS-00570,PARTIAL_FILL
2025-05-20,WH-PHC,PRD-0086,2,CUS-00882,STOCKOUT
2025-05-20,WH-LAG2,PRD-0116,3,CUS-00096,PARTIAL_FILL
2025-05-21,WH-ABJ,PRD-0025,10,CUS-01514,PARTIAL_FILL
2025-05-21,WH-ABJ,PRD-0046,27,CUS-01341,PARTIAL_FILL
2025-05-21,WH-ABJ,PRD-0065,5,CUS-00688,PARTIAL_FILL
2025-05-21,WH-IBD,PRD-0076,8,CUS-00506,STOCKOUT
2025-05-21,WH-ABJ,PRD-0085,20,CUS-00981,STOCKOUT
2025-05-22,WH-LAG1,PRD-0033,1,CUS-01846,PARTIAL_FILL
2025-05-22,WH-PHC,PRD-0102,12,CUS-00386,PARTIAL_FILL
2025-05-22,WH-IBD,PRD-0149,1,CUS-00659,PARTIAL_FILL
2025-05-22,WH-IBD,PRD-0168,10,CUS-00662,PARTIAL_FILL
2025-05-23,WH-PHC,PRD-0012,7,CUS-01859,PARTIAL_FILL
2025-05-23,WH-LAG1,PRD-0035,35,CUS-00263,PARTIAL_FILL
2025-05-23,WH-ABJ,PRD-0046,10,CUS-00066,STOCKOUT
2025-05-23,WH-LAG2,PRD-0080,1,CUS-00325,PARTIAL_FILL
2025-05-23,WH-ABJ,PRD-0163,6,CUS-02409,PARTIAL_FILL
2025-05-24,WH-PHC,PRD-0070,3,CUS-00976,STOCKOUT
2025-05-25,WH-PHC,PRD-0127,27,CUS-00317,PARTIAL_FILL
2025-05-25,WH-LAG2,PRD-0168,21,CUS-02333,PARTIAL_FILL
2025-05-26,WH-ABJ,PRD-0065,20,CUS-00657,STOCKOUT
2025-05-26,WH-ABJ,PRD-0101,8,CUS-00370,PARTIAL_FILL
2025-05-26,WH-LAG1,PRD-0134,7,CUS-02432,PARTIAL_FILL
2025-05-26,WH-ABJ,PRD-0141,6,CUS-00370,STOCKOUT
2025-05-26,WH-ABJ,PRD-0163,17,CUS-01550,STOCKOUT
2025-05-27,WH-IBD,PRD-0086,10,CUS-01344,PARTIAL_FILL
2025-05-27,WH-LAG1,PRD-0134,8,CUS-01598,STOCKOUT
2025-05-27,WH-ABJ,PRD-0169,5,CUS-01337,PARTIAL_FILL
2025-05-28,WH-PHC,PRD-0027,17,CUS-01205,STOCKOUT
2025-05-28,WH-ABJ,PRD-0065,7,CUS-01605,STOCKOUT
2025-05-28,WH-ABJ,PRD-0085,8,CUS-00541,STOCKOUT
2025-05-28,WH-IBD,PRD-0086,4,CUS-00315,STOCKOUT
2025-05-28,WH-PHC,PRD-0102,8,CUS-02267,STOCKOUT
2025-05-28,WH-PHC,PRD-0122,29,CUS-01732,PARTIAL_FILL
2025-05-28,WH-IBD,PRD-0168,8,CUS-01375,STOCKOUT
2025-05-29,WH-ABJ,PRD-0025,8,CUS-00673,STOCKOUT
2025-05-29,WH-ABJ,PRD-0037,15,CUS-00347,PARTIAL_FILL
2025-05-29,WH-ABJ,PRD-0056,6,CUS-01795,STOCKOUT
2025-05-30,WH-PHC,PRD-0012,1,CUS-00181,STOCKOUT
2025-05-30,WH-IBD,PRD-0027,10,CUS-01993,PARTIAL_FILL
2025-05-30,WH-ABJ,PRD-0037,9,CUS-00724,STOCKOUT
2025-05-30,WH-LAG2,PRD-0056,25,CUS-01400,PARTIAL_FILL
2025-05-30,WH-ABJ,PRD-0091,1,CUS-01875,PARTIAL_FILL
2025-05-30,WH-ABJ,PRD-0091,2,CUS-01075,STOCKOUT
2025-05-30,WH-ABJ,PRD-0091,9,CUS-02286,STOCKOUT
2025-05-30,WH-IBD,PRD-0149,5,CUS-00920,STOCKOUT
2025-05-31,WH-IBD,PRD-0017,8,CUS-01418,PARTIAL_FILL
2025-05-31,WH-PHC,PRD-0122,5,CUS-00503,STOCKOUT
2025-06-02,WH-LAG2,PRD-0029,1,CUS-00320,PARTIAL_FILL
2025-06-02,WH-IBD,PRD-0102,15,CUS-00056,PARTIAL_FILL
2025-06-02,WH-LAG2,PRD-0131,25,CUS-02112,PARTIAL_FILL
2025-06-03,WH-PHC,PRD-0026,2,CUS-00758,PARTIAL_FILL
2025-06-03,WH-PHC,PRD-0122,9,CUS-00531,STOCKOUT
2025-06-03,WH-LAG1,PRD-0128,3,CUS-01767,PARTIAL_FILL
2025-06-03,WH-ABJ,PRD-0146,3,CUS-01381,PARTIAL_FILL
2025-06-03,WH-LAG1,PRD-0150,5,CUS-01725,PARTIAL_FILL
2025-06-04,WH-LAG2,PRD-0013,11,CUS-00859,PARTIAL_FILL
2025-06-04,WH-IBD,PRD-0017,3,CUS-00871,STOCKOUT
2025-06-04,WH-PHC,PRD-0039,17,CUS-00035,PARTIAL_FILL
2025-06-04,WH-IBD,PRD-0102,18,CUS-02110,STOCKOUT
2025-06-04,WH-LAG1,PRD-0128,10,CUS-00053,STOCKOUT
2025-06-04,WH-ABJ,PRD-0146,3,CUS-01969,STOCKOUT
2025-06-05,WH-ABJ,PRD-0146,6,CUS-01669,STOCKOUT
2025-06-06,WH-ABJ,PRD-0001,18,CUS-00910,PARTIAL_FILL
2025-06-06,WH-ABJ,PRD-0107,4,CUS-01160,PARTIAL_FILL
2025-06-06,WH-LAG1,PRD-0150,4,CUS-01468,STOCKOUT
2025-06-07,WH-ABJ,PRD-0001,13,CUS-00305,STOCKOUT
2025-06-08,WH-LAG2,PRD-0024,4,CUS-01519,PARTIAL_FILL
2025-06-08,WH-LAG1,PRD-0150,7,CUS-00897,STOCKOUT
2025-06-09,WH-PHC,PRD-0005,10,CUS-01879,STOCKOUT
2025-06-10,WH-LAG1,PRD-0006,3,CUS-00601,STOCKOUT
2025-06-10,WH-LAG1,PRD-0013,12,CUS-01131,PARTIAL_FILL
2025-06-11,WH-ABJ,PRD-0146,5,CUS-01340,STOCKOUT
2025-06-12,WH-IBD,PRD-0100,6,CUS-02440,PARTIAL_FILL
2025-06-13,WH-ABJ,PRD-0146,5,CUS-00607,STOCKOUT
2025-06-15,WH-ABJ,PRD-0056,10,CUS-01795,STOCKOUT
2025-06-15,WH-LAG2,PRD-0072,5,CUS-01871,PARTIAL_FILL
2025-06-15,WH-LAG1,PRD-0123,15,CUS-00721,PARTIAL_FILL
2025-06-15,WH-LAG2,PRD-0162,6,CUS-02058,STOCKOUT
2025-06-16,WH-PHC,PRD-0071,2,CUS-01104,PARTIAL_FILL
2025-06-16,WH-PHC,PRD-0071,6,CUS-00648,STOCKOUT
2025-06-16,WH-LAG1,PRD-0076,17,CUS-02003,PARTIAL_FILL
2025-06-16,WH-LAG1,PRD-0097,1,CUS-01823,PARTIAL_FILL
2025-06-18,WH-IBD,PRD-0003,9,CUS-00742,PARTIAL_FILL
2025-06-18,WH-LAG2,PRD-0024,3,CUS-00694,STOCKOUT
2025-06-18,WH-IBD,PRD-0053,9,CUS-02221,PARTIAL_FILL
2025-06-19,WH-IBD,PRD-0041,3,CUS-00360,PARTIAL_FILL
2025-06-19,WH-PHC,PRD-0047,5,CUS-01396,PARTIAL_FILL
2025-06-19,WH-LAG2,PRD-0068,1,CUS-01243,PARTIAL_FILL
2025-06-20,WH-LAG1,PRD-0028,3,CUS-00400,PARTIAL_FILL
2025-06-20,WH-LAG2,PRD-0061,5,CUS-02224,PARTIAL_FILL
2025-06-21,WH-IBD,PRD-0041,3,CUS-01492,STOCKOUT
2025-06-22,WH-ABJ,PRD-0017,4,CUS-00416,PARTIAL_FILL
2025-06-22,WH-LAG1,PRD-0026,35,CUS-01451,PARTIAL_FILL
2025-06-23,WH-LAG1,PRD-0097,7,CUS-01711,STOCKOUT
2025-06-24,WH-LAG1,PRD-0080,3,CUS-02493,PARTIAL_FILL
2025-06-24,WH-IBD,PRD-0113,4,CUS-00744,PARTIAL_FILL
2025-06-25,WH-ABJ,PRD-0001,5,CUS-02097,STOCKOUT
2025-06-26,WH-LAG1,PRD-0048,8,CUS-00269,PARTIAL_FILL
2025-06-27,WH-LAG1,PRD-0006,8,CUS-00596,STOCKOUT
2025-06-27,WH-LAG1,PRD-0026,15,CUS-02006,STOCKOUT
2025-06-29,WH-IBD,PRD-0113,21,CUS-00559,STOCKOUT
2025-06-30,WH-LAG1,PRD-0020,9,CUS-02431,PARTIAL_FILL
2025-06-30,WH-LAG2,PRD-0112,4,CUS-00859,PARTIAL_FILL
2025-07-01,WH-LAG2,PRD-0050,9,CUS-01807,PARTIAL_FILL
2025-07-01,WH-ABJ,PRD-0066,3,CUS-00887,PARTIAL_FILL
2025-07-01,WH-IBD,PRD-0110,14,CUS-02009,PARTIAL_FILL
2025-07-03,WH-LAG2,PRD-0050,5,CUS-01079,STOCKOUT
2025-07-04,WH-LAG1,PRD-0047,1,CUS-01982,PARTIAL_FILL
2025-07-04,WH-LAG2,PRD-0139,7,CUS-00729,PARTIAL_FILL
2025-07-05,WH-PHC,PRD-0064,2,CUS-00644,PARTIAL_FILL
2025-07-06,WH-LAG1,PRD-0052,5,CUS-02454,PARTIAL_FILL
2025-07-07,WH-IBD,PRD-0113,23,CUS-01598,STOCKOUT
2025-07-07,WH-PHC,PRD-0169,6,CUS-00783,PARTIAL_FILL
2025-07-08,WH-LAG1,PRD-0003,4,CUS-01458,PARTIAL_FILL
2025-07-08,WH-LAG2,PRD-0014,1,CUS-02277,PARTIAL_FILL
2025-07-08,WH-ABJ,PRD-0113,15,CUS-01097,PARTIAL_FILL
2025-07-08,WH-ABJ,PRD-0142,35,CUS-02190,PARTIAL_FILL
2025-07-09,WH-IBD,PRD-0017,2,CUS-01661,PARTIAL_FILL
2025-07-09,WH-LAG1,PRD-0091,9,CUS-01017,PARTIAL_FILL
2025-07-09,WH-ABJ,PRD-0113,4,CUS-00528,STOCKOUT
2025-07-10,WH-LAG2,PRD-0050,9,CUS-02440,STOCKOUT
2025-07-10,WH-LAG1,PRD-0053,17,CUS-01244,PARTIAL_FILL
2025-07-11,WH-PHC,PRD-0013,2,CUS-00913,PARTIAL_FILL
2025-07-11,WH-PHC,PRD-0025,1,CUS-00531,PARTIAL_FILL
2025-07-11,WH-PHC,PRD-0107,3,CUS-00710,PARTIAL_FILL
2025-07-11,WH-ABJ,PRD-0113,10,CUS-00762,STOCKOUT
2025-07-11,WH-ABJ,PRD-0167,12,CUS-00372,PARTIAL_FILL
2025-07-12,WH-PHC,PRD-0064,2,CUS-02152,STOCKOUT
2025-07-13,WH-IBD,PRD-0017,6,CUS-00925,STOCKOUT
2025-07-14,WH-IBD,PRD-0017,3,CUS-01343,STOCKOUT
2025-07-14,WH-LAG1,PRD-0026,5,CUS-00869,STOCKOUT
2025-07-14,WH-LAG1,PRD-0053,2,CUS-01201,STOCKOUT
2025-07-14,WH-PHC,PRD-0064,7,CUS-01733,STOCKOUT
2025-07-14,WH-PHC,PRD-0103,13,CUS-00549,PARTIAL_FILL
2025-07-15,WH-ABJ,PRD-0113,7,CUS-01036,STOCKOUT
2025-07-16,WH-LAG1,PRD-0017,2,CUS-01556,PARTIAL_FILL
2025-07-16,WH-PHC,PRD-0025,1,CUS-00783,STOCKOUT
2025-07-16,WH-LAG2,PRD-0118,39,CUS-01615,PARTIAL_FILL
2025-07-18,WH-LAG2,PRD-0118,10,CUS-02327,STOCKOUT
2025-07-18,WH-LAG2,PRD-0118,2,CUS-01848,STOCKOUT
2025-07-18,WH-PHC,PRD-0128,4,CUS-01471,PARTIAL_FILL
2025-07-19,WH-PHC,PRD-0052,21,CUS-01926,PARTIAL_FILL
2025-07-19,WH-IBD,PRD-0088,5,CUS-01575,STOCKOUT
2025-07-20,WH-PHC,PRD-0006,2,CUS-00640,PARTIAL_FILL
2025-07-21,WH-ABJ,PRD-0005,7,CUS-00595,PARTIAL_FILL
2025-07-21,WH-IBD,PRD-0017,5,CUS-01541,STOCKOUT
2025-07-21,WH-ABJ,PRD-0072,3,CUS-01670,PARTIAL_FILL
2025-07-21,WH-IBD,PRD-0088,16,CUS-00320,STOCKOUT
2025-07-22,WH-ABJ,PRD-0072,6,CUS-00165,STOCKOUT
2025-07-22,WH-LAG2,PRD-0085,6,CUS-00256,PARTIAL_FILL
2025-07-22,WH-IBD,PRD-0099,5,CUS-00314,PARTIAL_FILL
2025-07-23,WH-LAG1,PRD-0017,2,CUS-01300,STOCKOUT
2025-07-23,WH-ABJ,PRD-0025,4,CUS-00632,PARTIAL_FILL
2025-07-23,WH-PHC,PRD-0050,1,CUS-01930,PARTIAL_FILL
2025-07-23,WH-LAG2,PRD-0118,5,CUS-00452,STOCKOUT
2025-07-24,WH-LAG2,PRD-0001,4,CUS-00547,PARTIAL_FILL
2025-07-24,WH-LAG2,PRD-0044,3,CUS-02448,PARTIAL_FILL
2025-07-24,WH-LAG2,PRD-0095,13,CUS-01565,PARTIAL_FILL
2025-07-24,WH-IBD,PRD-0099,17,CUS-02114,STOCKOUT
2025-07-25,WH-LAG2,PRD-0082,4,CUS-00334,PARTIAL_FILL
2025-07-25,WH-LAG2,PRD-0118,9,CUS-02018,STOCKOUT
2025-07-26,WH-LAG1,PRD-0053,27,CUS-00256,STOCKOUT
2025-07-26,WH-LAG2,PRD-0118,11,CUS-01156,STOCKOUT
2025-07-28,WH-LAG2,PRD-0068,2,CUS-01699,PARTIAL_FILL
2025-07-28,WH-ABJ,PRD-0127,1,CUS-00223,PARTIAL_FILL
2025-07-29,WH-LAG2,PRD-0022,12,CUS-01023,PARTIAL_FILL
2025-07-30,WH-PHC,PRD-0035,2,CUS-01898,PARTIAL_FILL
2025-08-05,WH-IBD,PRD-0008,19,CUS-01973,PARTIAL_FILL
2025-08-05,WH-ABJ,PRD-0042,4,CUS-00117,PARTIAL_FILL
2025-08-06,WH-ABJ,PRD-0148,16,CUS-01182,PARTIAL_FILL
2025-08-07,WH-PHC,PRD-0053,1,CUS-01518,PARTIAL_FILL
2025-08-08,WH-PHC,PRD-0032,13,CUS-02011,PARTIAL_FILL
2025-08-08,WH-PHC,PRD-0092,2,CUS-00845,PARTIAL_FILL
2025-08-08,WH-IBD,PRD-0102,50,CUS-00662,PARTIAL_FILL
2025-08-08,WH-LAG2,PRD-0141,3,CUS-01429,PARTIAL_FILL
2025-08-09,WH-IBD,PRD-0105,7,CUS-02042,PARTIAL_FILL
2025-08-11,WH-ABJ,PRD-0107,2,CUS-01024,PARTIAL_FILL
2025-08-12,WH-LAG1,PRD-0017,5,CUS-00243,STOCKOUT
2025-08-12,WH-PHC,PRD-0032,3,CUS-02423,STOCKOUT
2025-08-12,WH-ABJ,PRD-0130,20,CUS-00212,PARTIAL_FILL
2025-08-12,WH-ABJ,PRD-0130,9,CUS-00030,STOCKOUT
2025-08-13,WH-PHC,PRD-0053,5,CUS-01440,STOCKOUT
2025-08-13,WH-PHC,PRD-0092,17,CUS-00271,STOCKOUT
2025-08-14,WH-LAG1,PRD-0110,11,CUS-01892,PARTIAL_FILL
2025-08-14,WH-ABJ,PRD-0129,5,CUS-00353,PARTIAL_FILL
2025-08-15,WH-ABJ,PRD-0025,9,CUS-01177,STOCKOUT
2025-08-15,WH-ABJ,PRD-0026,25,CUS-02239,PARTIAL_FILL
2025-08-15,WH-LAG1,PRD-0042,5,CUS-00343,PARTIAL_FILL
2025-08-15,WH-LAG1,PRD-0042,14,CUS-00402,STOCKOUT
2025-08-15,WH-IBD,PRD-0056,2,CUS-02185,PARTIAL_FILL
2025-08-15,WH-LAG2,PRD-0102,5,CUS-01746,PARTIAL_FILL
2025-08-16,WH-PHC,PRD-0055,14,CUS-01091,PARTIAL_FILL
2025-08-16,WH-LAG1,PRD-0108,6,CUS-01037,PARTIAL_FILL
2025-08-18,WH-IBD,PRD-0012,8,CUS-01080,PARTIAL_FILL
2025-08-19,WH-LAG2,PRD-0002,9,CUS-01455,PARTIAL_FILL
2025-08-19,WH-ABJ,PRD-0056,4,CUS-00073,STOCKOUT
2025-08-19,WH-LAG2,PRD-0102,22,CUS-01002,STOCKOUT
2025-08-20,WH-LAG1,PRD-0044,1,CUS-00217,PARTIAL_FILL
2025-08-21,WH-PHC,PRD-0086,2,CUS-01200,PARTIAL_FILL
2025-08-22,WH-LAG2,PRD-0017,13,CUS-01026,PARTIAL_FILL
2025-08-22,WH-PHC,PRD-0048,2,CUS-01804,PARTIAL_FILL
2025-08-22,WH-PHC,PRD-0096,5,CUS-01657,PARTIAL_FILL
2025-08-22,WH-ABJ,PRD-0136,21,CUS-01182,PARTIAL_FILL
2025-08-23,WH-PHC,PRD-0120,21,CUS-00433,PARTIAL_FILL
2025-08-24,WH-ABJ,PRD-0033,9,CUS-02497,PARTIAL_FILL
2025-08-25,WH-LAG1,PRD-0055,4,CUS-02398,STOCKOUT
2025-08-26,WH-ABJ,PRD-0033,4,CUS-01150,STOCKOUT
2025-08-26,WH-IBD,PRD-0094,2,CUS-00559,PARTIAL_FILL
2025-08-27,WH-LAG1,PRD-0067,2,CUS-01561,PARTIAL_FILL
2025-08-28,WH-LAG2,PRD-0103,3,CUS-01633,PARTIAL_FILL
2025-08-29,WH-LAG1,PRD-0002,9,CUS-01905,PARTIAL_FILL
2025-08-29,WH-PHC,PRD-0021,2,CUS-01918,PARTIAL_FILL
2025-08-30,WH-ABJ,PRD-0048,4,CUS-00701,PARTIAL_FILL
2025-08-30,WH-LAG1,PRD-0055,12,CUS-00916,STOCKOUT
2025-08-31,WH-LAG1,PRD-0002,15,CUS-01128,STOCKOUT
2025-09-01,WH-LAG2,PRD-0103,4,CUS-01564,STOCKOUT
2025-09-02,WH-PHC,PRD-0065,1,CUS-00805,PARTIAL_FILL
2025-09-02,WH-IBD,PRD-0106,3,CUS-02196,PARTIAL_FILL
2025-09-04,WH-IBD,PRD-0010,28,CUS-01379,PARTIAL_FILL
2025-09-04,WH-PHC,PRD-0065,3,CUS-01199,STOCKOUT
2025-09-06,WH-ABJ,PRD-0099,1,CUS-02402,PARTIAL_FILL
2025-09-08,WH-LAG1,PRD-0002,7,CUS-02468,STOCKOUT
2025-09-08,WH-ABJ,PRD-0033,11,CUS-00865,STOCKOUT
2025-09-08,WH-LAG1,PRD-0055,4,CUS-02491,STOCKOUT
2025-09-08,WH-LAG2,PRD-0075,1,CUS-01729,PARTIAL_FILL
2025-09-09,WH-ABJ,PRD-0158,3,CUS-02158,PARTIAL_FILL
2025-09-10,WH-LAG1,PRD-0002,4,CUS-02305,STOCKOUT
2025-09-10,WH-IBD,PRD-0052,8,CUS-00425,PARTIAL_FILL
2025-09-13,WH-ABJ,PRD-0002,57,CUS-01020,PARTIAL_FILL
2025-09-15,WH-ABJ,PRD-0053,15,CUS-00300,PARTIAL_FILL
2025-09-15,WH-LAG2,PRD-0128,19,CUS-00828,PARTIAL_FILL
2025-09-15,WH-PHC,PRD-0163,1,CUS-00221,PARTIAL_FILL
2025-09-17,WH-LAG2,PRD-0097,14,CUS-01759,PARTIAL_FILL
2025-09-18,WH-LAG1,PRD-0002,7,CUS-00203,STOCKOUT
2025-09-18,WH-IBD,PRD-0070,7,CUS-01810,PARTIAL_FILL
2025-09-18,WH-LAG2,PRD-0128,32,CUS-01399,STOCKOUT
2025-09-19,WH-LAG1,PRD-0055,10,CUS-02209,STOCKOUT
2025-09-20,WH-ABJ,PRD-0002,31,CUS-02359,STOCKOUT
2025-09-20,WH-IBD,PRD-0147,4,CUS-01854,PARTIAL_FILL
2025-09-22,WH-LAG2,PRD-0071,2,CUS-01830,PARTIAL_FILL
2025-09-23,WH-PHC,PRD-0003,6,CUS-02067,PARTIAL_FILL
2025-09-23,WH-LAG1,PRD-0048,3,CUS-00817,PARTIAL_FILL
2025-09-23,WH-LAG1,PRD-0071,8,CUS-02118,STOCKOUT
2025-09-23,WH-PHC,PRD-0163,8,CUS-01559,STOCKOUT
2025-09-24,WH-LAG1,PRD-0048,6,CUS-01643,STOCKOUT
2025-09-26,WH-LAG2,PRD-0002,16,CUS-01068,PARTIAL_FILL
2025-09-26,WH-LAG1,PRD-0057,6,CUS-01132,PARTIAL_FILL
2025-09-26,WH-LAG1,PRD-0071,16,CUS-02493,STOCKOUT
2025-09-26,WH-LAG2,PRD-0119,11,CUS-00576,PARTIAL_FILL
2025-09-27,WH-ABJ,PRD-0052,3,CUS-00962,PARTIAL_FILL
2025-09-27,WH-ABJ,PRD-0070,2,CUS-02439,PARTIAL_FILL
2025-09-27,WH-PHC,PRD-0107,1,CUS-01748,PARTIAL_FILL
2025-09-29,WH-IBD,PRD-0052,1,CUS-00235,PARTIAL_FILL
2025-09-29,WH-IBD,PRD-0085,8,CUS-01333,PARTIAL_FILL
2025-09-29,WH-PHC,PRD-0089,5,CUS-00760,PARTIAL_FILL
2025-09-29,WH-IBD,PRD-0109,18,CUS-02271,PARTIAL_FILL
2025-09-29,WH-LAG2,PRD-0149,2,CUS-01836,PARTIAL_FILL
2025-09-29,WH-LAG1,PRD-0152,3,CUS-01501,PARTIAL_FILL
2025-09-30,WH-ABJ,PRD-0003,6,CUS-00394,PARTIAL_FILL
2025-09-30,WH-ABJ,PRD-0044,6,CUS-02035,PARTIAL_FILL
2025-09-30,WH-LAG2,PRD-0065,3,CUS-01758,PARTIAL_FILL
2025-09-30,WH-PHC,PRD-0130,4,CUS-02052,PARTIAL_FILL
2025-09-30,WH-IBD,PRD-0147,13,CUS-00118,STOCKOUT
2025-10-01,WH-LAG1,PRD-0118,21,CUS-01321,PARTIAL_FILL
2025-10-01,WH-ABJ,PRD-0154,2,CUS-01278,PARTIAL_FILL
2025-10-02,WH-LAG1,PRD-0118,20,CUS-01094,STOCKOUT
2025-10-03,WH-PHC,PRD-0041,3,CUS-01543,PARTIAL_FILL
2025-10-04,WH-LAG1,PRD-0048,9,CUS-01495,STOCKOUT
2025-10-04,WH-ABJ,PRD-0060,8,CUS-00464,PARTIAL_FILL
2025-10-06,WH-IBD,PRD-0085,25,CUS-02284,STOCKOUT
2025-10-06,WH-IBD,PRD-0095,6,CUS-01994,PARTIAL_FILL
2025-10-06,WH-LAG1,PRD-0118,9,CUS-00387,STOCKOUT
2025-10-06,WH-IBD,PRD-0154,9,CUS-00062,PARTIAL_FILL
2025-10-07,WH-ABJ,PRD-0071,3,CUS-00525,PARTIAL_FILL
2025-10-07,WH-ABJ,PRD-0074,5,CUS-00740,PARTIAL_FILL
2025-10-07,WH-IBD,PRD-0085,14,CUS-00861,STOCKOUT
2025-10-08,WH-LAG1,PRD-0048,19,CUS-02124,STOCKOUT
2025-10-08,WH-LAG1,PRD-0052,1,CUS-00325,PARTIAL_FILL
2025-10-08,WH-ABJ,PRD-0070,14,CUS-01934,STOCKOUT
2025-10-08,WH-ABJ,PRD-0071,28,CUS-01373,STOCKOUT
2025-10-08,WH-LAG2,PRD-0074,6,CUS-00108,PARTIAL_FILL
2025-10-08,WH-LAG1,PRD-0118,9,CUS-00781,STOCKOUT
2025-10-09,WH-LAG1,PRD-0009,1,CUS-01943,PARTIAL_FILL
2025-10-09,WH-LAG2,PRD-0066,7,CUS-01333,PARTIAL_FILL
2025-10-09,WH-ABJ,PRD-0071,4,CUS-00575,STOCKOUT
2025-10-09,WH-LAG2,PRD-0090,5,CUS-01857,PARTIAL_FILL
2025-10-09,WH-IBD,PRD-0100,1,CUS-00469,PARTIAL_FILL
2025-10-09,WH-PHC,PRD-0164,1,CUS-01288,PARTIAL_FILL
2025-10-10,WH-LAG1,PRD-0048,5,CUS-00235,STOCKOUT
2025-10-10,WH-IBD,PRD-0055,2,CUS-01843,PARTIAL_FILL
2025-10-10,WH-LAG2,PRD-0090,11,CUS-01207,STOCKOUT
2025-10-10,WH-IBD,PRD-0091,56,CUS-02259,PARTIAL_FILL
2025-10-10,WH-LAG1,PRD-0118,9,CUS-01068,STOCKOUT
2025-10-10,WH-IBD,PRD-0154,6,CUS-00556,STOCKOUT
2025-10-11,WH-LAG1,PRD-0009,3,CUS-01641,STOCKOUT
2025-10-11,WH-LAG2,PRD-0090,19,CUS-00879,STOCKOUT
2025-10-11,WH-LAG2,PRD-0090,11,CUS-01339,STOCKOUT
2025-10-11,WH-LAG2,PRD-0090,8,CUS-00396,STOCKOUT
2025-10-12,WH-ABJ,PRD-0074,14,CUS-01102,STOCKOUT
2025-10-12,WH-LAG1,PRD-0079,73,CUS-01509,PARTIAL_FILL
2025-10-13,WH-LAG2,PRD-0048,10,CUS-00598,PARTIAL_FILL
2025-10-13,WH-PHC,PRD-0075,27,CUS-00968,PARTIAL_FILL
2025-10-13,WH-LAG2,PRD-0090,2,CUS-00405,STOCKOUT
2025-10-13,WH-LAG2,PRD-0090,8,CUS-01362,STOCKOUT
2025-10-14,WH-IBD,PRD-0055,10,CUS-00421,STOCKOUT
2025-10-14,WH-ABJ,PRD-0062,58,CUS-01206,PARTIAL_FILL
2025-10-14,WH-LAG2,PRD-0090,22,CUS-01695,STOCKOUT
2025-10-14,WH-LAG2,PRD-0090,8,CUS-01833,STOCKOUT
2025-10-14,WH-IBD,PRD-0154,4,CUS-01729,STOCKOUT
2025-10-14,WH-IBD,PRD-0163,4,CUS-00704,PARTIAL_FILL
2025-10-15,WH-ABJ,PRD-0022,3,CUS-02442,PARTIAL_FILL
2025-10-15,WH-ABJ,PRD-0070,16,CUS-02026,STOCKOUT
2025-10-15,WH-LAG1,PRD-0073,9,CUS-00737,STOCKOUT
2025-10-15,WH-LAG1,PRD-0079,18,CUS-02454,STOCKOUT
2025-10-15,WH-LAG2,PRD-0090,6,CUS-02000,STOCKOUT
2025-10-15,WH-LAG1,PRD-0117,16,CUS-01903,STOCKOUT
2025-10-16,WH-LAG2,PRD-0049,1,CUS-01452,PARTIAL_FILL
2025-10-16,WH-IBD,PRD-0072,4,CUS-01035,PARTIAL_FILL
2025-10-16,WH-ABJ,PRD-0087,1,CUS-01648,PARTIAL_FILL
2025-10-16,WH-LAG2,PRD-0090,3,CUS-00168,STOCKOUT
2025-10-16,WH-IBD,PRD-0091,17,CUS-00967,STOCKOUT
2025-10-16,WH-PHC,PRD-0130,2,CUS-00092,STOCKOUT
2025-10-17,WH-LAG2,PRD-0013,1,CUS-01263,PARTIAL_FILL
2025-10-17,WH-LAG2,PRD-0035,5,CUS-00943,PARTIAL_FILL
2025-10-17,WH-LAG1,PRD-0079,2,CUS-02226,STOCKOUT
2025-10-17,WH-LAG1,PRD-0115,9,CUS-01317,PARTIAL_FILL
2025-10-17,WH-LAG1,PRD-0117,13,CUS-02283,STOCKOUT
2025-10-18,WH-IBD,PRD-0020,6,CUS-01399,PARTIAL_FILL
2025-10-19,WH-LAG1,PRD-0054,1,CUS-01417,PARTIAL_FILL
2025-10-19,WH-LAG1,PRD-0115,4,CUS-02315,STOCKOUT
2025-10-20,WH-LAG1,PRD-0015,12,CUS-00207,PARTIAL_FILL
2025-10-20,WH-IBD,PRD-0020,7,CUS-01175,STOCKOUT
2025-10-20,WH-LAG1,PRD-0089,5,CUS-01994,PARTIAL_FILL
2025-10-20,WH-LAG1,PRD-0132,8,CUS-01573,PARTIAL_FILL
2025-10-21,WH-PHC,PRD-0074,1,CUS-00822,PARTIAL_FILL
2025-10-22,WH-LAG2,PRD-0035,4,CUS-00479,STOCKOUT
2025-10-22,WH-PHC,PRD-0057,16,CUS-02317,PARTIAL_FILL
2025-10-23,WH-PHC,PRD-0042,7,CUS-02342,PARTIAL_FILL
2025-10-23,WH-LAG1,PRD-0147,6,CUS-01907,PARTIAL_FILL
2025-10-24,WH-LAG1,PRD-0017,1,CUS-00999,PARTIAL_FILL
2025-10-24,WH-PHC,PRD-0020,8,CUS-00809,PARTIAL_FILL
2025-10-24,WH-LAG1,PRD-0021,26,CUS-01035,PARTIAL_FILL
2025-10-24,WH-PHC,PRD-0074,7,CUS-00773,STOCKOUT
2025-10-27,WH-LAG1,PRD-0143,4,CUS-00590,PARTIAL_FILL
2025-10-28,WH-LAG2,PRD-0014,8,CUS-00371,PARTIAL_FILL
2025-10-28,WH-IBD,PRD-0048,6,CUS-00476,PARTIAL_FILL
2025-10-28,WH-LAG2,PRD-0058,5,CUS-02305,PARTIAL_FILL
2025-10-29,WH-PHC,PRD-0057,31,CUS-01256,STOCKOUT
2025-10-30,WH-PHC,PRD-0020,7,CUS-02151,STOCKOUT
2025-10-30,WH-IBD,PRD-0094,15,CUS-01772,PARTIAL_FILL
2025-10-31,WH-IBD,PRD-0012,5,CUS-00862,PARTIAL_FILL
2025-10-31,WH-LAG1,PRD-0037,43,CUS-01546,PARTIAL_FILL
2025-10-31,WH-ABJ,PRD-0100,2,CUS-00172,PARTIAL_FILL
2025-10-31,WH-LAG1,PRD-0105,1,CUS-00588,PARTIAL_FILL
2025-10-31,WH-LAG1,PRD-0143,4,CUS-00016,STOCKOUT
2025-10-31,WH-LAG1,PRD-0147,5,CUS-00900,STOCKOUT
2025-11-01,WH-LAG1,PRD-0037,8,CUS-01743,STOCKOUT
2025-11-01,WH-LAG1,PRD-0037,2,CUS-00891,STOCKOUT
2025-11-01,WH-LAG1,PRD-0037,6,CUS-02110,STOCKOUT
2025-11-01,WH-ABJ,PRD-0106,5,CUS-00657,PARTIAL_FILL
2025-11-02,WH-LAG1,PRD-0105,8,CUS-00356,STOCKOUT
2025-11-02,WH-LAG1,PRD-0121,12,CUS-02247,PARTIAL_FILL
2025-11-02,WH-LAG1,PRD-0121,4,CUS-00189,STOCKOUT
2025-11-03,WH-LAG2,PRD-0014,8,CUS-02169,STOCKOUT
2025-11-03,WH-LAG1,PRD-0121,4,CUS-00960,STOCKOUT
2025-11-04,WH-IBD,PRD-0017,7,CUS-02351,PARTIAL_FILL
2025-11-04,WH-IBD,PRD-0047,2,CUS-00804,STOCKOUT
2025-11-04,WH-LAG2,PRD-0052,10,CUS-01931,PARTIAL_FILL
2025-11-04,WH-PHC,PRD-0057,9,CUS-01100,STOCKOUT
2025-11-05,WH-LAG2,PRD-0010,3,CUS-02172,PARTIAL_FILL
2025-11-05,WH-LAG1,PRD-0121,6,CUS-02241,STOCKOUT
2025-11-05,WH-PHC,PRD-0144,10,CUS-01768,PARTIAL_FILL
2025-11-06,WH-PHC,PRD-0017,2,CUS-02376,PARTIAL_FILL
2025-11-06,WH-LAG2,PRD-0094,3,CUS-00574,PARTIAL_FILL
2025-11-06,WH-LAG1,PRD-0121,3,CUS-01470,STOCKOUT
2025-11-06,WH-LAG1,PRD-0124,21,CUS-02163,PARTIAL_FILL
2025-11-07,WH-LAG1,PRD-0024,7,CUS-01641,PARTIAL_FILL
2025-11-07,WH-PHC,PRD-0057,3,CUS-00130,STOCKOUT
2025-11-07,WH-ABJ,PRD-0079,2,CUS-00441,PARTIAL_FILL
2025-11-07,WH-PHC,PRD-0098,9,CUS-00072,STOCKOUT
2025-11-07,WH-PHC,PRD-0098,13,CUS-02352,STOCKOUT
2025-11-07,WH-LAG2,PRD-0107,8,CUS-00439,PARTIAL_FILL
2025-11-07,WH-LAG2,PRD-0118,11,CUS-02036,PARTIAL_FILL
2025-11-08,WH-PHC,PRD-0144,7,CUS-01318,STOCKOUT
2025-11-10,WH-ABJ,PRD-0005,3,CUS-00890,PARTIAL_FILL
2025-11-10,WH-LAG2,PRD-0014,2,CUS-00752,STOCKOUT
2025-11-11,WH-LAG1,PRD-0124,13,CUS-01597,STOCKOUT
2025-11-12,WH-PHC,PRD-0147,6,CUS-00392,PARTIAL_FILL
2025-11-13,WH-PHC,PRD-0017,10,CUS-00455,STOCKOUT
2025-11-13,WH-PHC,PRD-0032,2,CUS-00471,PARTIAL_FILL
2025-11-13,WH-IBD,PRD-0081,2,CUS-00268,PARTIAL_FILL
2025-11-13,WH-LAG1,PRD-0100,5,CUS-00461,PARTIAL_FILL
2025-11-14,WH-IBD,PRD-0013,7,CUS-01312,PARTIAL_FILL
2025-11-14,WH-LAG1,PRD-0014,3,CUS-01390,PARTIAL_FILL
2025-11-14,WH-IBD,PRD-0017,14,CUS-00407,STOCKOUT
2025-11-14,WH-ABJ,PRD-0053,4,CUS-01008,PARTIAL_FILL
2025-11-14,WH-IBD,PRD-0074,10,CUS-02422,PARTIAL_FILL
2025-11-14,WH-LAG1,PRD-0100,16,CUS-01895,STOCKOUT
2025-11-15,WH-LAG1,PRD-0100,2,CUS-01686,STOCKOUT
2025-11-15,WH-LAG2,PRD-0107,12,CUS-02036,STOCKOUT
2025-11-16,WH-ABJ,PRD-0005,10,CUS-00008,STOCKOUT
2025-11-16,WH-LAG1,PRD-0024,9,CUS-01495,STOCKOUT
2025-11-17,WH-PHC,PRD-0044,17,CUS-00403,PARTIAL_FILL
2025-11-17,WH-PHC,PRD-0090,2,CUS-01921,PARTIAL_FILL
2025-11-17,WH-IBD,PRD-0096,1,CUS-00945,PARTIAL_FILL
2025-11-18,WH-PHC,PRD-0090,5,CUS-00956,STOCKOUT
2025-11-18,WH-PHC,PRD-0102,9,CUS-00025,PARTIAL_FILL
2025-11-18,WH-ABJ,PRD-0115,1,CUS-01110,PARTIAL_FILL
2025-11-19,WH-LAG2,PRD-0001,1,CUS-02121,PARTIAL_FILL
2025-11-19,WH-PHC,PRD-0090,30,CUS-01700,STOCKOUT
2025-11-19,WH-PHC,PRD-0090,18,CUS-00246,STOCKOUT
2025-11-19,WH-PHC,PRD-0090,2,CUS-01698,STOCKOUT
2025-11-19,WH-LAG2,PRD-0130,1,CUS-00826,PARTIAL_FILL
2025-11-20,WH-PHC,PRD-0090,4,CUS-02023,STOCKOUT
2025-11-20,WH-LAG1,PRD-0149,5,CUS-02348,PARTIAL_FILL
2025-11-21,WH-ABJ,PRD-0125,6,CUS-01512,PARTIAL_FILL
2025-11-22,WH-PHC,PRD-0090,4,CUS-01788,STOCKOUT
2025-11-22,WH-PHC,PRD-0090,9,CUS-01422,STOCKOUT
2025-11-22,WH-PHC,PRD-0090,2,CUS-01396,STOCKOUT
2025-11-22,WH-LAG1,PRD-0114,32,CUS-00755,PARTIAL_FILL
2025-11-23,WH-PHC,PRD-0090,4,CUS-00790,STOCKOUT
2025-11-24,WH-ABJ,PRD-0005,11,CUS-00066,STOCKOUT
2025-11-24,WH-PHC,PRD-0069,2,CUS-00840,PARTIAL_FILL
2025-11-25,WH-PHC,PRD-0017,11,CUS-00408,STOCKOUT
2025-11-25,WH-IBD,PRD-0039,2,CUS-01855,PARTIAL_FILL
2025-11-25,WH-LAG2,PRD-0045,5,CUS-01505,PARTIAL_FILL
2025-11-25,WH-LAG2,PRD-0052,20,CUS-00432,STOCKOUT
2025-11-25,WH-ABJ,PRD-0096,2,CUS-02053,PARTIAL_FILL
2025-11-26,WH-LAG2,PRD-0005,8,CUS-01772,STOCKOUT
2025-11-26,WH-PHC,PRD-0075,17,CUS-00765,PARTIAL_FILL
2025-11-27,WH-LAG2,PRD-0005,11,CUS-01454,STOCKOUT
2025-11-27,WH-IBD,PRD-0045,14,CUS-01539,STOCKOUT
2025-11-27,WH-ABJ,PRD-0125,10,CUS-00527,STOCKOUT
2025-11-28,WH-LAG1,PRD-0141,9,CUS-01980,PARTIAL_FILL
2025-11-29,WH-ABJ,PRD-0080,15,CUS-01388,PARTIAL_FILL
2025-11-29,WH-LAG2,PRD-0123,5,CUS-00476,PARTIAL_FILL
2025-12-01,WH-LAG2,PRD-0005,1,CUS-01561,STOCKOUT
2025-12-01,WH-ABJ,PRD-0024,12,CUS-00327,PARTIAL_FILL
2025-12-01,WH-LAG2,PRD-0045,2,CUS-02299,STOCKOUT
2025-12-01,WH-LAG2,PRD-0049,1,CUS-01045,PARTIAL_FILL
2025-12-01,WH-ABJ,PRD-0070,31,CUS-01667,PARTIAL_FILL
2025-12-02,WH-IBD,PRD-0045,1,CUS-00460,STOCKOUT
2025-12-02,WH-IBD,PRD-0054,8,CUS-01484,PARTIAL_FILL
2025-12-02,WH-ABJ,PRD-0115,5,CUS-02122,STOCKOUT
2025-12-02,WH-LAG2,PRD-0118,12,CUS-02493,PARTIAL_FILL
2025-12-03,WH-LAG2,PRD-0016,9,CUS-01333,PARTIAL_FILL
2025-12-03,WH-LAG1,PRD-0019,23,CUS-00854,PARTIAL_FILL
2025-12-03,WH-PHC,PRD-0025,2,CUS-00521,PARTIAL_FILL
2025-12-03,WH-ABJ,PRD-0115,8,CUS-01947,STOCKOUT
2025-12-03,WH-ABJ,PRD-0139,1,CUS-00632,PARTIAL_FILL
2025-12-04,WH-LAG2,PRD-0001,18,CUS-00869,STOCKOUT
2025-12-04,WH-ABJ,PRD-0024,56,CUS-02135,STOCKOUT
2025-12-04,WH-ABJ,PRD-0041,2,CUS-01097,PARTIAL_FILL
2025-12-04,WH-ABJ,PRD-0083,3,CUS-00055,PARTIAL_FILL
2025-12-04,WH-IBD,PRD-0095,7,CUS-00157,PARTIAL_FILL
2025-12-05,WH-LAG2,PRD-0048,8,CUS-01407,PARTIAL_FILL
2025-12-05,WH-LAG2,PRD-0075,5,CUS-00540,PARTIAL_FILL
2025-12-05,WH-PHC,PRD-0100,27,CUS-02229,PARTIAL_FILL
2025-12-05,WH-LAG1,PRD-0106,2,CUS-02412,PARTIAL_FILL
2025-12-05,WH-PHC,PRD-0122,5,CUS-01756,PARTIAL_FILL
2025-12-06,WH-PHC,PRD-0102,2,CUS-01273,STOCKOUT
2025-12-06,WH-LAG2,PRD-0118,3,CUS-01501,STOCKOUT
2025-12-06,WH-ABJ,PRD-0149,5,CUS-00619,PARTIAL_FILL
2025-12-07,WH-PHC,PRD-0001,5,CUS-01389,PARTIAL_FILL
2025-12-07,WH-ABJ,PRD-0002,5,CUS-00701,PARTIAL_FILL
2025-12-07,WH-LAG2,PRD-0118,16,CUS-00857,STOCKOUT
2025-12-08,WH-PHC,PRD-0034,9,CUS-00198,PARTIAL_FILL
2025-12-08,WH-LAG2,PRD-0045,2,CUS-00250,STOCKOUT
2025-12-08,WH-ABJ,PRD-0069,3,CUS-00692,PARTIAL_FILL
2025-12-08,WH-LAG1,PRD-0071,6,CUS-01943,PARTIAL_FILL
2025-12-08,WH-ABJ,PRD-0083,6,CUS-01036,STOCKOUT
2025-12-08,WH-PHC,PRD-0100,8,CUS-00418,STOCKOUT
2025-12-08,WH-PHC,PRD-0100,15,CUS-00284,STOCKOUT
2025-12-08,WH-PHC,PRD-0121,5,CUS-00635,PARTIAL_FILL
2025-12-08,WH-ABJ,PRD-0133,3,CUS-00394,PARTIAL_FILL
2025-12-09,WH-LAG2,PRD-0022,12,CUS-01298,PARTIAL_FILL
2025-12-09,WH-LAG1,PRD-0035,22,CUS-00256,PARTIAL_FILL
2025-12-09,WH-IBD,PRD-0057,6,CUS-00686,PARTIAL_FILL
2025-12-09,WH-PHC,PRD-0102,4,CUS-00271,STOCKOUT
2025-12-10,WH-PHC,PRD-0034,8,CUS-00221,STOCKOUT
2025-12-10,WH-ABJ,PRD-0070,7,CUS-02220,STOCKOUT
2025-12-10,WH-IBD,PRD-0071,9,CUS-01017,PARTIAL_FILL
2025-12-10,WH-PHC,PRD-0100,16,CUS-02267,STOCKOUT
2025-12-10,WH-PHC,PRD-0155,4,CUS-00760,STOCKOUT
2025-12-11,WH-PHC,PRD-0008,9,CUS-00196,PARTIAL_FILL
2025-12-11,WH-LAG1,PRD-0035,1,CUS-00897,STOCKOUT
2025-12-11,WH-LAG1,PRD-0065,13,CUS-02452,PARTIAL_FILL
2025-12-11,WH-LAG2,PRD-0121,5,CUS-01140,PARTIAL_FILL
2025-12-11,WH-LAG2,PRD-0162,5,CUS-02199,PARTIAL_FILL
2025-12-11,WH-LAG2,PRD-0168,3,CUS-01867,STOCKOUT
2025-12-12,WH-PHC,PRD-0008,2,CUS-01436,STOCKOUT
2025-12-12,WH-ABJ,PRD-0057,18,CUS-01579,PARTIAL_FILL
2025-12-12,WH-LAG2,PRD-0080,1,CUS-01103,PARTIAL_FILL
2025-12-12,WH-IBD,PRD-0095,10,CUS-01332,STOCKOUT
2025-12-12,WH-PHC,PRD-0114,10,CUS-00508,STOCKOUT
2025-12-12,WH-LAG2,PRD-0118,7,CUS-02028,STOCKOUT
2025-12-13,WH-LAG1,PRD-0025,33,CUS-01619,PARTIAL_FILL
2025-12-13,WH-LAG1,PRD-0025,14,CUS-01037,STOCKOUT
2025-12-13,WH-LAG2,PRD-0038,10,CUS-00718,PARTIAL_FILL
2025-12-13,WH-PHC,PRD-0100,1,CUS-01784,STOCKOUT
2025-12-14,WH-LAG1,PRD-0019,3,CUS-00264,STOCKOUT
2025-12-14,WH-LAG1,PRD-0066,10,CUS-02166,PARTIAL_FILL
2025-12-14,WH-LAG2,PRD-0118,4,CUS-00588,STOCKOUT
2025-12-15,WH-LAG1,PRD-0027,3,CUS-01215,PARTIAL_FILL
2025-12-15,WH-PHC,PRD-0149,2,CUS-01450,PARTIAL_FILL
2025-12-15,WH-LAG2,PRD-0162,12,CUS-01729,STOCKOUT
2025-12-16,WH-LAG1,PRD-0019,27,CUS-01379,STOCKOUT
2025-12-16,WH-ABJ,PRD-0069,2,CUS-01812,STOCKOUT
2025-12-16,WH-ABJ,PRD-0089,2,CUS-02257,PARTIAL_FILL
2025-12-17,WH-ABJ,PRD-0065,22,CUS-01809,PARTIAL_FILL
2025-12-17,WH-ABJ,PRD-0118,18,CUS-00490,PARTIAL_FILL
2025-12-17,WH-PHC,PRD-0121,35,CUS-02133,STOCKOUT
2025-12-17,WH-PHC,PRD-0143,2,CUS-00771,PARTIAL_FILL
2025-12-18,WH-ABJ,PRD-0024,20,CUS-00441,STOCKOUT
2025-12-18,WH-PHC,PRD-0028,8,CUS-01797,STOCKOUT
2025-12-18,WH-LAG2,PRD-0090,9,CUS-01065,PARTIAL_FILL
2025-12-18,WH-PHC,PRD-0143,5,CUS-02145,STOCKOUT
2025-12-18,WH-LAG2,PRD-0149,5,CUS-02226,PARTIAL_FILL
2025-12-19,WH-PHC,PRD-0001,6,CUS-00702,STOCKOUT
2025-12-19,WH-LAG1,PRD-0025,13,CUS-00824,STOCKOUT
2025-12-19,WH-LAG1,PRD-0025,11,CUS-01613,STOCKOUT
2025-12-19,WH-ABJ,PRD-0025,2,CUS-01368,PARTIAL_FILL
2025-12-19,WH-IBD,PRD-0062,7,CUS-02039,PARTIAL_FILL
2025-12-19,WH-IBD,PRD-0071,1,CUS-00594,STOCKOUT
2025-12-19,WH-LAG2,PRD-0090,29,CUS-01370,STOCKOUT
2025-12-19,WH-LAG2,PRD-0090,1,CUS-00256,STOCKOUT
2025-12-19,WH-LAG2,PRD-0090,8,CUS-01685,STOCKOUT
2025-12-19,WH-ABJ,PRD-0097,14,CUS-01626,PARTIAL_FILL
2025-12-19,WH-ABJ,PRD-0097,5,CUS-00043,STOCKOUT
2025-12-19,WH-ABJ,PRD-0118,48,CUS-00454,STOCKOUT
2025-12-19,WH-ABJ,PRD-0118,10,CUS-02246,STOCKOUT
2025-12-19,WH-IBD,PRD-0126,21,CUS-02315,PARTIAL_FILL
2025-12-19,WH-ABJ,PRD-0146,1,CUS-00847,PARTIAL_FILL
2025-12-19,WH-LAG2,PRD-0162,6,CUS-00961,STOCKOUT
2025-12-20,WH-IBD,PRD-0028,13,CUS-01271,PARTIAL_FILL
2025-12-20,WH-LAG2,PRD-0048,1,CUS-01535,STOCKOUT
2025-12-20,WH-IBD,PRD-0146,1,CUS-00306,PARTIAL_FILL
2025-12-21,WH-LAG2,PRD-0090,6,CUS-00556,STOCKOUT
2025-12-21,WH-LAG2,PRD-0090,3,CUS-01076,STOCKOUT
2025-12-21,WH-LAG2,PRD-0121,5,CUS-01874,STOCKOUT
2025-12-21,WH-LAG1,PRD-0145,13,CUS-00059,PARTIAL_FILL
2025-12-21,WH-LAG2,PRD-0163,7,CUS-01490,PARTIAL_FILL
2025-12-22,WH-LAG2,PRD-0090,10,CUS-01715,STOCKOUT
2025-12-22,WH-ABJ,PRD-0118,3,CUS-00850,STOCKOUT
2025-12-22,WH-LAG2,PRD-0121,5,CUS-01925,STOCKOUT
2025-12-22,WH-LAG1,PRD-0124,4,CUS-00920,PARTIAL_FILL
2025-12-22,WH-LAG2,PRD-0135,19,CUS-01913,PARTIAL_FILL
2025-12-22,WH-LAG1,PRD-0145,10,CUS-00077,STOCKOUT
2025-12-22,WH-LAG1,PRD-0146,3,CUS-00776,PARTIAL_FILL
2025-12-23,WH-IBD,PRD-0028,10,CUS-00414,STOCKOUT
2025-12-23,WH-LAG2,PRD-0048,16,CUS-00486,STOCKOUT
2025-12-23,WH-LAG1,PRD-0057,5,CUS-01086,PARTIAL_FILL
2025-12-23,WH-IBD,PRD-0062,10,CUS-01190,STOCKOUT
2025-12-23,WH-ABJ,PRD-0079,1,CUS-02195,PARTIAL_FILL
2025-12-23,WH-LAG2,PRD-0090,10,CUS-01642,STOCKOUT
2025-12-23,WH-LAG2,PRD-0090,24,CUS-02163,STOCKOUT
2025-12-24,WH-LAG1,PRD-0056,11,CUS-01973,PARTIAL_FILL
2025-12-24,WH-LAG1,PRD-0071,2,CUS-02110,PARTIAL_FILL
2025-12-24,WH-LAG2,PRD-0090,7,CUS-02499,STOCKOUT
2025-12-24,WH-LAG2,PRD-0090,17,CUS-02013,STOCKOUT
2025-12-24,WH-LAG2,PRD-0090,8,CUS-01276,STOCKOUT
2025-12-24,WH-LAG2,PRD-0090,6,CUS-00500,STOCKOUT
2025-12-24,WH-IBD,PRD-0139,3,CUS-00537,PARTIAL_FILL
2025-12-24,WH-LAG1,PRD-0145,4,CUS-00029,STOCKOUT
2025-12-24,WH-LAG2,PRD-0145,3,CUS-00972,PARTIAL_FILL
2025-12-24,WH-ABJ,PRD-0163,1,CUS-00995,PARTIAL_FILL
2025-12-25,WH-LAG1,PRD-0025,3,CUS-00649,STOCKOUT
2025-12-25,WH-LAG1,PRD-0025,10,CUS-00106,STOCKOUT
2025-12-25,WH-LAG2,PRD-0048,7,CUS-01327,STOCKOUT
2025-12-25,WH-LAG1,PRD-0057,12,CUS-01629,STOCKOUT
2025-12-25,WH-LAG1,PRD-0057,3,CUS-01563,STOCKOUT
2025-12-25,WH-LAG2,PRD-0090,7,CUS-01789,STOCKOUT
2025-12-25,WH-PHC,PRD-0121,22,CUS-01753,STOCKOUT
2025-12-25,WH-IBD,PRD-0123,6,CUS-00774,PARTIAL_FILL
2025-12-25,WH-LAG1,PRD-0126,1,CUS-01725,PARTIAL_FILL
2025-12-25,WH-LAG2,PRD-0135,18,CUS-01767,STOCKOUT
2025-12-25,WH-LAG1,PRD-0146,6,CUS-00504,STOCKOUT
2025-12-25,WH-LAG1,PRD-0146,14,CUS-01333,STOCKOUT
2025-12-26,WH-LAG1,PRD-0025,2,CUS-01800,STOCKOUT
2025-12-26,WH-ABJ,PRD-0065,22,CUS-00606,STOCKOUT
2025-12-26,WH-PHC,PRD-0076,11,CUS-00193,STOCKOUT
2025-12-26,WH-LAG2,PRD-0090,11,CUS-00896,STOCKOUT
2025-12-26,WH-LAG2,PRD-0090,4,CUS-01167,STOCKOUT
2025-12-26,WH-LAG2,PRD-0090,11,CUS-01803,STOCKOUT
2025-12-26,WH-LAG2,PRD-0090,3,CUS-01034,STOCKOUT
2025-12-26,WH-LAG2,PRD-0090,8,CUS-00875,STOCKOUT
2025-12-26,WH-PHC,PRD-0121,10,CUS-02251,STOCKOUT
2025-12-27,WH-ABJ,PRD-0002,17,CUS-00632,STOCKOUT
2025-12-27,WH-LAG1,PRD-0046,3,CUS-00566,PARTIAL_FILL
2025-12-27,WH-LAG1,PRD-0057,4,CUS-00432,STOCKOUT
2025-12-27,WH-PHC,PRD-0086,34,CUS-01764,PARTIAL_FILL
2025-12-27,WH-LAG2,PRD-0090,3,CUS-00497,STOCKOUT
2025-12-27,WH-LAG1,PRD-0123,18,CUS-00009,PARTIAL_FILL
2025-12-27,WH-LAG2,PRD-0135,6,CUS-00526,STOCKOUT
2025-12-28,WH-IBD,PRD-0026,7,CUS-01653,PARTIAL_FILL
2025-12-28,WH-PHC,PRD-0076,7,CUS-00463,STOCKOUT
2025-12-28,WH-LAG2,PRD-0090,19,CUS-00279,STOCKOUT
2025-12-28,WH-PHC,PRD-0121,8,CUS-00026,STOCKOUT
2025-12-28,WH-LAG1,PRD-0124,12,CUS-00998,STOCKOUT
2025-12-29,WH-PHC,PRD-0040,1,CUS-01389,PARTIAL_FILL
2025-12-29,WH-LAG2,PRD-0090,18,CUS-00145,STOCKOUT
2025-12-29,WH-LAG2,PRD-0090,4,CUS-01873,STOCKOUT
2025-12-29,WH-IBD,PRD-0123,10,CUS-01529,STOCKOUT
2025-12-29,WH-PHC,PRD-0170,1,CUS-00341,PARTIAL_FILL
2025-12-30,WH-LAG2,PRD-0090,23,CUS-00563,STOCKOUT
2025-12-30,WH-LAG1,PRD-0099,25,CUS-00946,PARTIAL_FILL
2025-12-30,WH-LAG1,PRD-0099,5,CUS-01877,STOCKOUT
2025-12-30,WH-LAG1,PRD-0123,9,CUS-00095,STOCKOUT
2025-12-30,WH-LAG1,PRD-0126,3,CUS-00656,STOCKOUT
2025-12-31,WH-PHC,PRD-0017,5,CUS-01453,PARTIAL_FILL
2025-12-31,WH-PHC,PRD-0028,16,CUS-00463,STOCKOUT
2025-12-31,WH-LAG1,PRD-0057,5,CUS-00402,STOCKOUT
2025-12-31,WH-PHC,PRD-0118,1,CUS-01304,PARTIAL_FILL
2025-12-31,WH-LAG1,PRD-0123,10,CUS-01849,STOCKOUT
2025-12-31,WH-IBD,PRD-0123,7,CUS-00742,STOCKOUT
2026-01-01,WH-PHC,PRD-0028,4,CUS-02376,STOCKOUT
2026-01-01,WH-LAG1,PRD-0057,5,CUS-01904,STOCKOUT
2026-01-01,WH-LAG1,PRD-0057,4,CUS-01428,STOCKOUT
2026-01-01,WH-IBD,PRD-0062,3,CUS-02171,STOCKOUT
2026-01-01,WH-PHC,PRD-0094,14,CUS-01880,PARTIAL_FILL
2026-01-01,WH-LAG1,PRD-0123,4,CUS-01443,STOCKOUT
2026-01-01,WH-LAG1,PRD-0129,12,CUS-00498,PARTIAL_FILL
2026-01-01,WH-LAG1,PRD-0145,6,CUS-00524,STOCKOUT
2026-01-02,WH-LAG2,PRD-0017,19,CUS-01594,PARTIAL_FILL
2026-01-02,WH-ABJ,PRD-0025,7,CUS-00782,STOCKOUT
2026-01-02,WH-PHC,PRD-0042,7,CUS-00515,STOCKOUT
2026-01-02,WH-LAG1,PRD-0112,8,CUS-02378,PARTIAL_FILL
2026-01-02,WH-LAG1,PRD-0112,15,CUS-00889,STOCKOUT
2026-01-02,WH-LAG2,PRD-0145,5,CUS-01167,STOCKOUT
2026-01-03,WH-LAG1,PRD-0099,6,CUS-01999,STOCKOUT
2026-01-03,WH-PHC,PRD-0118,6,CUS-01518,STOCKOUT
2026-01-03,WH-IBD,PRD-0139,10,CUS-01276,PARTIAL_FILL
2026-01-03,WH-IBD,PRD-0139,4,CUS-02250,STOCKOUT
2026-01-03,WH-IBD,PRD-0163,2,CUS-01777,PARTIAL_FILL
2026-01-04,WH-PHC,PRD-0040,6,CUS-02014,STOCKOUT
2026-01-05,WH-IBD,PRD-0026,9,CUS-00994,STOCKOUT
2026-01-05,WH-IBD,PRD-0082,12,CUS-01597,PARTIAL_FILL
2026-01-05,WH-LAG1,PRD-0124,10,CUS-02337,STOCKOUT
2026-01-06,WH-PHC,PRD-0017,5,CUS-00648,STOCKOUT
2026-01-06,WH-PHC,PRD-0118,2,CUS-00390,STOCKOUT
2026-01-06,WH-PHC,PRD-0131,2,CUS-00199,PARTIAL_FILL
2026-01-07,WH-PHC,PRD-0017,1,CUS-00231,STOCKOUT
2026-01-07,WH-ABJ,PRD-0121,1,CUS-01818,PARTIAL_FILL
2026-01-07,WH-PHC,PRD-0147,2,CUS-02095,PARTIAL_FILL
2026-01-08,WH-LAG1,PRD-0012,36,CUS-01535,PARTIAL_FILL
2026-01-08,WH-IBD,PRD-0053,15,CUS-01147,PARTIAL_FILL
2026-01-09,WH-LAG1,PRD-0003,5,CUS-01241,PARTIAL_FILL
2026-01-09,WH-ABJ,PRD-0052,15,CUS-00953,PARTIAL_FILL
2026-01-09,WH-ABJ,PRD-0052,4,CUS-02252,STOCKOUT
2026-01-09,WH-PHC,PRD-0086,8,CUS-01748,STOCKOUT
2026-01-09,WH-LAG2,PRD-0122,6,CUS-00206,PARTIAL_FILL
2026-01-09,WH-IBD,PRD-0126,5,CUS-00064,STOCKOUT
2026-01-10,WH-ABJ,PRD-0019,16,CUS-01373,PARTIAL_FILL
2026-01-10,WH-LAG1,PRD-0078,1,CUS-00290,PARTIAL_FILL
2026-01-11,WH-ABJ,PRD-0009,1,CUS-00347,PARTIAL_FILL
2026-01-11,WH-ABJ,PRD-0028,8,CUS-02334,PARTIAL_FILL
2026-01-12,WH-LAG1,PRD-0056,4,CUS-02218,STOCKOUT
2026-01-12,WH-ABJ,PRD-0107,21,CUS-01639,PARTIAL_FILL
2026-01-13,WH-LAG1,PRD-0078,5,CUS-02415,STOCKOUT
2026-01-14,WH-PHC,PRD-0017,24,CUS-01325,STOCKOUT
2026-01-15,WH-LAG1,PRD-0056,9,CUS-01955,STOCKOUT
2026-01-15,WH-LAG1,PRD-0139,3,CUS-01593,PARTIAL_FILL
2026-01-15,WH-IBD,PRD-0154,1,CUS-02103,PARTIAL_FILL
2026-01-16,WH-LAG1,PRD-0043,25,CUS-01432,PARTIAL_FILL
2026-01-16,WH-PHC,PRD-0086,13,CUS-01543,STOCKOUT
2026-01-16,WH-IBD,PRD-0149,4,CUS-02202,PARTIAL_FILL
2026-01-17,WH-PHC,PRD-0150,6,CUS-00322,PARTIAL_FILL
2026-01-18,WH-LAG2,PRD-0076,7,CUS-01289,PARTIAL_FILL
2026-01-18,WH-LAG1,PRD-0139,17,CUS-00277,STOCKOUT
2026-01-19,WH-LAG2,PRD-0001,1,CUS-01949,PARTIAL_FILL
2026-01-19,WH-ABJ,PRD-0019,3,CUS-00962,STOCKOUT
2026-01-19,WH-ABJ,PRD-0052,6,CUS-00816,STOCKOUT
2026-01-19,WH-LAG1,PRD-0064,7,CUS-01429,PARTIAL_FILL
2026-01-19,WH-LAG1,PRD-0064,19,CUS-01402,STOCKOUT
2026-01-19,WH-LAG1,PRD-0078,8,CUS-01400,STOCKOUT
2026-01-19,WH-LAG2,PRD-0086,5,CUS-01702,PARTIAL_FILL
2026-01-19,WH-PHC,PRD-0150,3,CUS-01100,STOCKOUT
2026-01-19,WH-ABJ,PRD-0153,4,CUS-00333,PARTIAL_FILL
2026-01-20,WH-LAG2,PRD-0086,11,CUS-02056,STOCKOUT
2026-01-20,WH-PHC,PRD-0100,10,CUS-02063,PARTIAL_FILL
2026-01-20,WH-ABJ,PRD-0153,4,CUS-02281,STOCKOUT
2026-01-21,WH-LAG2,PRD-0001,4,CUS-01676,STOCKOUT
2026-01-21,WH-LAG2,PRD-0086,7,CUS-01326,STOCKOUT
2026-01-21,WH-IBD,PRD-0130,22,CUS-00854,PARTIAL_FILL
2026-01-22,WH-LAG2,PRD-0001,9,CUS-01645,STOCKOUT
2026-01-22,WH-LAG1,PRD-0064,2,CUS-00217,STOCKOUT
2026-01-22,WH-LAG1,PRD-0078,6,CUS-00589,STOCKOUT
2026-01-22,WH-IBD,PRD-0085,4,CUS-01982,PARTIAL_FILL
2026-01-23,WH-ABJ,PRD-0041,6,CUS-00630,PARTIAL_FILL
2026-01-23,WH-ABJ,PRD-0041,9,CUS-02026,STOCKOUT
2026-01-23,WH-LAG1,PRD-0064,5,CUS-00081,STOCKOUT
2026-01-23,WH-LAG1,PRD-0078,7,CUS-00668,STOCKOUT
2026-01-23,WH-LAG2,PRD-0086,17,CUS-01837,STOCKOUT
2026-01-23,WH-IBD,PRD-0170,7,CUS-01506,PARTIAL_FILL
2026-01-24,WH-IBD,PRD-0085,9,CUS-02297,STOCKOUT
2026-01-24,WH-LAG2,PRD-0086,20,CUS-00481,STOCKOUT
2026-01-24,WH-PHC,PRD-0150,3,CUS-00753,STOCKOUT
2026-01-26,WH-IBD,PRD-0022,39,CUS-01970,PARTIAL_FILL
2026-01-26,WH-LAG2,PRD-0076,5,CUS-00128,STOCKOUT
2026-01-26,WH-IBD,PRD-0112,6,CUS-00899,PARTIAL_FILL
2026-01-27,WH-LAG2,PRD-0025,8,CUS-01803,PARTIAL_FILL
2026-01-28,WH-LAG2,PRD-0018,12,CUS-00325,PARTIAL_FILL
2026-01-28,WH-ABJ,PRD-0019,8,CUS-01183,STOCKOUT
2026-01-28,WH-PHC,PRD-0107,8,CUS-02357,PARTIAL_FILL
2026-01-29,WH-LAG2,PRD-0022,3,CUS-00930,PARTIAL_FILL
2026-01-29,WH-ABJ,PRD-0027,15,CUS-00490,PARTIAL_FILL
2026-01-30,WH-ABJ,PRD-0009,1,CUS-00652,STOCKOUT
2026-02-02,WH-ABJ,PRD-0092,1,CUS-00155,PARTIAL_FILL
2026-02-03,WH-LAG2,PRD-0001,3,CUS-00077,STOCKOUT
2026-02-03,WH-IBD,PRD-0085,10,CUS-00838,STOCKOUT
2026-02-03,WH-ABJ,PRD-0116,1,CUS-02479,PARTIAL_FILL
2026-02-04,WH-LAG2,PRD-0001,13,CUS-02452,STOCKOUT
2026-02-06,WH-LAG1,PRD-0013,2,CUS-01342,PARTIAL_FILL
2026-02-06,WH-LAG2,PRD-0018,5,CUS-02028,STOCKOUT
2026-02-06,WH-LAG2,PRD-0054,13,CUS-00002,PARTIAL_FILL
2026-02-06,WH-LAG1,PRD-0070,8,CUS-01798,PARTIAL_FILL
2026-02-06,WH-IBD,PRD-0085,4,CUS-00857,STOCKOUT
2026-02-07,WH-LAG2,PRD-0018,6,CUS-02076,STOCKOUT
2026-02-09,WH-PHC,PRD-0109,6,CUS-02265,PARTIAL_FILL
2026-02-10,WH-IBD,PRD-0008,5,CUS-01863,PARTIAL_FILL
2026-02-10,WH-LAG2,PRD-0015,7,CUS-01745,PARTIAL_FILL
2026-02-11,WH-ABJ,PRD-0128,34,CUS-01816,PARTIAL_FILL
2026-02-11,WH-ABJ,PRD-0128,5,CUS-01790,STOCKOUT
2026-02-13,WH-LAG1,PRD-0079,9,CUS-01595,PARTIAL_FILL
2026-02-13,WH-ABJ,PRD-0128,7,CUS-00922,STOCKOUT
2026-02-15,WH-PHC,PRD-0034,1,CUS-02261,PARTIAL_FILL
2026-02-15,WH-ABJ,PRD-0061,53,CUS-02426,PARTIAL_FILL
2026-02-16,WH-PHC,PRD-0085,6,CUS-00373,PARTIAL_FILL
2026-02-18,WH-PHC,PRD-0107,15,CUS-02191,STOCKOUT
2026-02-19,WH-ABJ,PRD-0163,1,CUS-00280,PARTIAL_FILL
2026-02-20,WH-LAG2,PRD-0067,40,CUS-01906,PARTIAL_FILL
2026-02-20,WH-PHC,PRD-0116,1,CUS-02278,PARTIAL_FILL
2026-02-21,WH-LAG1,PRD-0147,18,CUS-01444,PARTIAL_FILL
2026-02-22,WH-PHC,PRD-0088,2,CUS-01880,PARTIAL_FILL
2026-02-23,WH-LAG1,PRD-0022,1,CUS-02042,PARTIAL_FILL
2026-02-24,WH-IBD,PRD-0040,23,CUS-01409,PARTIAL_FILL
2026-02-24,WH-IBD,PRD-0041,15,CUS-02018,PARTIAL_FILL
2026-02-24,WH-IBD,PRD-0047,6,CUS-00653,PARTIAL_FILL
2026-02-25,WH-LAG2,PRD-0015,13,CUS-00668,STOCKOUT
2026-02-25,WH-IBD,PRD-0041,38,CUS-01715,STOCKOUT
2026-02-25,WH-ABJ,PRD-0063,27,CUS-01257,PARTIAL_FILL
2026-02-25,WH-PHC,PRD-0116,4,CUS-01121,STOCKOUT
2026-02-26,WH-LAG1,PRD-0002,12,CUS-02454,PARTIAL_FILL
2026-02-27,WH-IBD,PRD-0041,6,CUS-02319,STOCKOUT
2026-02-27,WH-PHC,PRD-0048,1,CUS-01724,PARTIAL_FILL
2026-02-27,WH-IBD,PRD-0163,4,CUS-01846,STOCKOUT
2026-02-28,WH-LAG1,PRD-0147,2,CUS-01222,STOCKOUT
2026-03-01,WH-PHC,PRD-0116,2,CUS-00720,STOCKOUT
2026-03-02,WH-PHC,PRD-0053,7,CUS-01191,PARTIAL_FILL
2026-03-02,WH-PHC,PRD-0135,5,CUS-01396,PARTIAL_FILL
2026-03-02,WH-LAG2,PRD-0140,5,CUS-00244,PARTIAL_FILL
2026-03-03,WH-ABJ,PRD-0106,3,CUS-01706,PARTIAL_FILL
2026-03-03,WH-PHC,PRD-0135,7,CUS-01773,STOCKOUT
2026-03-03,WH-IBD,PRD-0142,5,CUS-01662,PARTIAL_FILL
2026-03-04,WH-LAG2,PRD-0064,5,CUS-02051,PARTIAL_FILL
2026-03-04,WH-LAG2,PRD-0064,3,CUS-00177,STOCKOUT
2026-03-05,WH-IBD,PRD-0002,36,CUS-00145,PARTIAL_FILL
2026-03-05,WH-IBD,PRD-0142,3,CUS-01375,STOCKOUT
2026-03-06,WH-LAG2,PRD-0064,7,CUS-01428,STOCKOUT
2026-03-07,WH-IBD,PRD-0002,5,CUS-00138,STOCKOUT
2026-03-07,WH-IBD,PRD-0003,6,CUS-00784,PARTIAL_FILL
2026-03-07,WH-LAG2,PRD-0034,7,CUS-01417,PARTIAL_FILL
2026-03-08,WH-ABJ,PRD-0014,4,CUS-01977,PARTIAL_FILL
2026-03-09,WH-IBD,PRD-0094,12,CUS-00108,PARTIAL_FILL
2026-03-09,WH-ABJ,PRD-0110,12,CUS-00665,STOCKOUT
2026-03-09,WH-ABJ,PRD-0142,1,CUS-01983,PARTIAL_FILL
2026-03-09,WH-ABJ,PRD-0142,7,CUS-00388,STOCKOUT
2026-03-10,WH-PHC,PRD-0048,16,CUS-01466,STOCKOUT
2026-03-11,WH-IBD,PRD-0143,1,CUS-02333,PARTIAL_FILL
2026-03-12,WH-LAG2,PRD-0064,8,CUS-00380,STOCKOUT
2026-03-13,WH-LAG1,PRD-0024,9,CUS-01249,PARTIAL_FILL
2026-03-13,WH-LAG2,PRD-0134,2,CUS-02349,PARTIAL_FILL
2026-03-13,WH-LAG2,PRD-0134,12,CUS-01852,STOCKOUT
2026-03-15,WH-LAG1,PRD-0024,6,CUS-01749,STOCKOUT
2026-03-16,WH-LAG1,PRD-0051,19,CUS-01076,PARTIAL_FILL
2026-03-16,WH-LAG1,PRD-0051,5,CUS-00526,STOCKOUT
2026-03-18,WH-LAG2,PRD-0073,1,CUS-01180,PARTIAL_FILL
2026-03-18,WH-LAG1,PRD-0113,4,CUS-02050,PARTIAL_FILL
2026-03-19,WH-ABJ,PRD-0024,4,CUS-02442,PARTIAL_FILL
2026-03-20,WH-PHC,PRD-0010,30,CUS-01088,PARTIAL_FILL
2026-03-20,WH-LAG1,PRD-0051,10,CUS-02448,STOCKOUT
2026-03-20,WH-PHC,PRD-0056,9,CUS-00355,STOCKOUT
2026-03-21,WH-PHC,PRD-0056,6,CUS-01430,STOCKOUT
2026-03-24,WH-ABJ,PRD-0057,6,CUS-00253,PARTIAL_FILL
2026-03-24,WH-PHC,PRD-0132,2,CUS-01880,PARTIAL_FILL
2026-03-24,WH-LAG2,PRD-0161,11,CUS-00140,PARTIAL_FILL
2026-03-25,WH-LAG1,PRD-0072,14,CUS-01927,PARTIAL_FILL
2026-03-25,WH-ABJ,PRD-0085,8,CUS-00835,PARTIAL_FILL
2026-03-26,WH-PHC,PRD-0168,4,CUS-01462,PARTIAL_FILL
2026-03-27,WH-ABJ,PRD-0006,1,CUS-01712,PARTIAL_FILL
2026-03-27,WH-LAG1,PRD-0010,3,CUS-00292,PARTIAL_FILL
2026-03-27,WH-PHC,PRD-0095,1,CUS-02214,STOCKOUT
2026-03-27,WH-LAG1,PRD-0113,7,CUS-00019,STOCKOUT
2026-03-28,WH-LAG1,PRD-0113,19,CUS-01770,STOCKOUT
2026-03-30,WH-ABJ,PRD-0085,7,CUS-01368,STOCKOUT
2026-03-30,WH-LAG1,PRD-0113,23,CUS-02015,STOCKOUT
2026-03-30,WH-LAG1,PRD-0113,5,CUS-01882,STOCKOUT
2026-03-31,WH-IBD,PRD-0102,2,CUS-02365,PARTIAL_FILL
2026-03-31,WH-LAG1,PRD-0121,4,CUS-01208,STOCKOUT
2026-03-31,WH-LAG1,PRD-0121,5,CUS-01016,STOCKOUT
2026-03-31,WH-PHC,PRD-0168,7,CUS-02342,STOCKOUT
2026-04-01,WH-LAG2,PRD-0057,5,CUS-00742,PARTIAL_FILL
2026-04-01,WH-LAG1,PRD-0072,5,CUS-00742,STOCKOUT
2026-04-01,WH-LAG1,PRD-0114,4,CUS-00075,PARTIAL_FILL
2026-04-01,WH-LAG1,PRD-0121,4,CUS-01158,STOCKOUT
2026-04-02,WH-LAG1,PRD-0088,4,CUS-02031,PARTIAL_FILL
2026-04-02,WH-PHC,PRD-0128,6,CUS-01821,PARTIAL_FILL
2026-04-02,WH-LAG2,PRD-0161,31,CUS-00352,STOCKOUT
2026-04-03,WH-ABJ,PRD-0006,3,CUS-01528,STOCKOUT
2026-04-03,WH-LAG2,PRD-0042,10,CUS-01752,PARTIAL_FILL
2026-04-03,WH-IBD,PRD-0102,14,CUS-01888,STOCKOUT
2026-04-03,WH-LAG1,PRD-0121,14,CUS-01060,STOCKOUT
2026-04-03,WH-ABJ,PRD-0128,12,CUS-01781,PARTIAL_FILL
2026-04-03,WH-PHC,PRD-0128,5,CUS-00135,STOCKOUT
2026-04-03,WH-LAG2,PRD-0142,15,CUS-02393,PARTIAL_FILL
2026-04-03,WH-LAG2,PRD-0161,10,CUS-02185,STOCKOUT
2026-04-03,WH-ABJ,PRD-0162,2,CUS-01956,STOCKOUT
2026-04-04,WH-LAG1,PRD-0032,7,CUS-00591,PARTIAL_FILL
2026-04-05,WH-LAG2,PRD-0161,3,CUS-01791,STOCKOUT
2026-04-06,WH-IBD,PRD-0018,3,CUS-01241,PARTIAL_FILL
2026-04-06,WH-LAG1,PRD-0101,5,CUS-01889,PARTIAL_FILL
2026-04-06,WH-LAG1,PRD-0121,12,CUS-00346,STOCKOUT
2026-04-06,WH-LAG1,PRD-0121,2,CUS-00916,STOCKOUT
2026-04-07,WH-IBD,PRD-0037,19,CUS-01282,PARTIAL_FILL
2026-04-07,WH-LAG2,PRD-0119,8,CUS-00697,PARTIAL_FILL
2026-04-07,WH-LAG1,PRD-0121,3,CUS-01034,STOCKOUT
2026-04-07,WH-LAG1,PRD-0121,5,CUS-01216,STOCKOUT
2026-04-07,WH-LAG1,PRD-0149,17,CUS-02065,PARTIAL_FILL
2026-04-08,WH-LAG1,PRD-0101,5,CUS-01682,STOCKOUT
2026-04-08,WH-LAG2,PRD-0117,7,CUS-00402,PARTIAL_FILL
2026-04-08,WH-LAG1,PRD-0121,7,CUS-02349,STOCKOUT
2026-04-09,WH-LAG2,PRD-0138,4,CUS-00059,PARTIAL_FILL
2026-04-09,WH-PHC,PRD-0143,27,CUS-00550,PARTIAL_FILL
2026-04-10,WH-PHC,PRD-0089,54,CUS-00359,PARTIAL_FILL
2026-04-10,WH-LAG1,PRD-0121,16,CUS-01944,STOCKOUT
2026-04-10,WH-LAG1,PRD-0121,26,CUS-01530,STOCKOUT
2026-04-12,WH-LAG1,PRD-0125,9,CUS-00077,STOCKOUT
2026-04-13,WH-IBD,PRD-0005,17,CUS-00625,PARTIAL_FILL
2026-04-13,WH-IBD,PRD-0124,14,CUS-00081,PARTIAL_FILL
2026-04-13,WH-IBD,PRD-0144,1,CUS-00407,PARTIAL_FILL
2026-04-14,WH-IBD,PRD-0013,1,CUS-01611,PARTIAL_FILL
2026-04-14,WH-LAG2,PRD-0072,4,CUS-01220,PARTIAL_FILL
2026-04-14,WH-LAG1,PRD-0088,2,CUS-01738,STOCKOUT
2026-04-14,WH-ABJ,PRD-0096,2,CUS-00651,PARTIAL_FILL
2026-04-16,WH-IBD,PRD-0045,7,CUS-02377,PARTIAL_FILL
2026-04-16,WH-LAG1,PRD-0091,10,CUS-02013,PARTIAL_FILL
2026-04-16,WH-LAG1,PRD-0091,2,CUS-00115,STOCKOUT
2026-04-16,WH-LAG1,PRD-0114,16,CUS-01701,STOCKOUT
2026-04-16,WH-PHC,PRD-0139,3,CUS-01397,STOCKOUT
2026-04-17,WH-IBD,PRD-0075,13,CUS-01775,PARTIAL_FILL
2026-04-17,WH-LAG1,PRD-0091,9,CUS-00749,STOCKOUT
2026-04-18,WH-LAG1,PRD-0033,13,CUS-01836,PARTIAL_FILL
2026-04-18,WH-PHC,PRD-0048,7,CUS-00377,PARTIAL_FILL
2026-04-19,WH-LAG1,PRD-0033,2,CUS-01661,STOCKOUT
2026-04-19,WH-LAG2,PRD-0072,7,CUS-02313,STOCKOUT
2026-04-20,WH-IBD,PRD-0045,14,CUS-01738,STOCKOUT
2026-04-20,WH-LAG2,PRD-0132,5,CUS-02476,PARTIAL_FILL
2026-04-21,WH-LAG1,PRD-0006,1,CUS-01643,PARTIAL_FILL
2026-04-21,WH-LAG2,PRD-0047,8,CUS-02485,PARTIAL_FILL
2026-04-21,WH-PHC,PRD-0048,6,CUS-00836,STOCKOUT
2026-04-21,WH-ABJ,PRD-0071,6,CUS-01605,PARTIAL_FILL
2026-04-22,WH-LAG1,PRD-0033,9,CUS-02453,STOCKOUT
2026-04-23,WH-IBD,PRD-0088,5,CUS-00412,PARTIAL_FILL
2026-04-23,WH-IBD,PRD-0099,2,CUS-01443,PARTIAL_FILL
2026-04-24,WH-LAG1,PRD-0014,4,CUS-00323,PARTIAL_FILL
2026-04-24,WH-IBD,PRD-0095,4,CUS-02331,PARTIAL_FILL
2026-04-24,WH-LAG2,PRD-0112,12,CUS-01336,PARTIAL_FILL
2026-04-26,WH-PHC,PRD-0048,7,CUS-01174,STOCKOUT
2026-04-27,WH-ABJ,PRD-0042,8,CUS-00973,PARTIAL_FILL
2026-04-27,WH-LAG1,PRD-0091,24,CUS-01061,STOCKOUT
2026-04-27,WH-IBD,PRD-0123,17,CUS-00576,PARTIAL_FILL
2026-04-28,WH-LAG1,PRD-0091,5,CUS-00784,STOCKOUT
2026-04-28,WH-LAG2,PRD-0129,4,CUS-01493,PARTIAL_FILL
2026-04-29,WH-LAG1,PRD-0095,12,CUS-00954,PARTIAL_FILL
2026-04-30,WH-LAG2,PRD-0010,7,CUS-00075,PARTIAL_FILL
2026-04-30,WH-LAG2,PRD-0139,2,CUS-00398,STOCKOUT
2026-04-30,WH-PHC,PRD-0169,12,CUS-00796,PARTIAL_FILL
2026-05-01,WH-LAG1,PRD-0006,15,CUS-01079,STOCKOUT
2026-05-01,WH-ABJ,PRD-0102,6,CUS-01113,PARTIAL_FILL
2026-05-01,WH-LAG1,PRD-0131,10,CUS-00562,PARTIAL_FILL
2026-05-02,WH-PHC,PRD-0131,5,CUS-02067,PARTIAL_FILL
2026-05-05,WH-IBD,PRD-0064,6,CUS-00516,PARTIAL_FILL
2026-05-05,WH-LAG1,PRD-0091,4,CUS-02003,STOCKOUT
2026-05-06,WH-LAG2,PRD-0029,1,CUS-01202,PARTIAL_FILL
2026-05-06,WH-PHC,PRD-0117,13,CUS-00471,PARTIAL_FILL
2026-05-06,WH-PHC,PRD-0148,3,CUS-00427,PARTIAL_FILL
2026-05-07,WH-LAG2,PRD-0081,19,CUS-00855,PARTIAL_FILL
2026-05-07,WH-LAG1,PRD-0091,10,CUS-02408,STOCKOUT
2026-05-07,WH-PHC,PRD-0096,3,CUS-00395,PARTIAL_FILL
2026-05-08,WH-LAG1,PRD-0091,6,CUS-00106,STOCKOUT
2026-05-08,WH-LAG1,PRD-0131,5,CUS-00214,STOCKOUT
2026-05-09,WH-IBD,PRD-0077,10,CUS-00952,PARTIAL_FILL
2026-05-09,WH-LAG2,PRD-0082,4,CUS-01204,PARTIAL_FILL
2026-05-09,WH-LAG2,PRD-0150,17,CUS-00572,STOCKOUT
2026-05-10,WH-PHC,PRD-0046,16,CUS-01092,STOCKOUT
2026-05-10,WH-LAG1,PRD-0091,11,CUS-01577,STOCKOUT
2026-05-11,WH-LAG2,PRD-0029,4,CUS-01540,STOCKOUT
2026-05-13,WH-IBD,PRD-0101,1,CUS-01870,PARTIAL_FILL
2026-05-14,WH-ABJ,PRD-0027,6,CUS-00651,PARTIAL_FILL
2026-05-15,WH-PHC,PRD-0112,10,CUS-01377,PARTIAL_FILL
2026-05-15,WH-LAG2,PRD-0147,1,CUS-00871,PARTIAL_FILL
2026-05-16,WH-LAG2,PRD-0078,9,CUS-02124,STOCKOUT
2026-05-16,WH-LAG2,PRD-0123,5,CUS-01475,PARTIAL_FILL
2026-05-17,WH-ABJ,PRD-0009,6,CUS-01097,PARTIAL_FILL
2026-05-17,WH-ABJ,PRD-0058,13,CUS-00174,PARTIAL_FILL
2026-05-18,WH-LAG2,PRD-0095,5,CUS-00320,PARTIAL_FILL
2026-05-19,WH-ABJ,PRD-0027,8,CUS-01809,STOCKOUT
2026-05-19,WH-LAG2,PRD-0123,8,CUS-00244,STOCKOUT
2026-05-20,WH-LAG1,PRD-0024,2,CUS-01523,PARTIAL_FILL
2026-05-20,WH-IBD,PRD-0064,7,CUS-01587,STOCKOUT
2026-05-21,WH-LAG2,PRD-0024,1,CUS-02010,PARTIAL_FILL
2026-05-21,WH-LAG2,PRD-0028,11,CUS-01355,PARTIAL_FILL
2026-05-21,WH-PHC,PRD-0112,13,CUS-01288,STOCKOUT
2026-05-21,WH-IBD,PRD-0117,6,CUS-00235,PARTIAL_FILL
2026-05-21,WH-ABJ,PRD-0117,4,CUS-01083,PARTIAL_FILL
2026-05-21,WH-IBD,PRD-0134,3,CUS-00108,PARTIAL_FILL
2026-05-22,WH-ABJ,PRD-0003,5,CUS-01600,PARTIAL_FILL
2026-05-22,WH-PHC,PRD-0128,8,CUS-01481,PARTIAL_FILL
2026-05-24,WH-LAG1,PRD-0024,6,CUS-00916,STOCKOUT
2026-05-25,WH-LAG1,PRD-0030,3,CUS-00107,PARTIAL_FILL
2026-05-25,WH-IBD,PRD-0091,22,CUS-02150,PARTIAL_FILL
2026-05-25,WH-ABJ,PRD-0130,5,CUS-00372,PARTIAL_FILL
2026-05-26,WH-PHC,PRD-0029,21,CUS-01566,PARTIAL_FILL
2026-05-27,WH-PHC,PRD-0006,5,CUS-01890,PARTIAL_FILL
2026-05-28,WH-PHC,PRD-0050,3,CUS-02462,PARTIAL_FILL
2026-05-28,WH-ABJ,PRD-0136,4,CUS-00441,PARTIAL_FILL
2026-05-29,WH-LAG2,PRD-0030,9,CUS-01729,PARTIAL_FILL
2026-05-29,WH-ABJ,PRD-0059,10,CUS-02154,PARTIAL_FILL
2026-05-29,WH-LAG2,PRD-0115,7,CUS-02028,PARTIAL_FILL
2026-05-29,WH-LAG2,PRD-0131,13,CUS-00794,PARTIAL_FILL
2026-05-30,WH-IBD,PRD-0014,1,CUS-02294,PARTIAL_FILL
2026-05-30,WH-ABJ,PRD-0092,10,CUS-01616,PARTIAL_FILL
2026-05-30,WH-IBD,PRD-0117,9,CUS-00824,STOCKOUT
2026-05-31,WH-LAG2,PRD-0115,11,CUS-00909,STOCKOUT
2026-06-01,WH-IBD,PRD-0006,9,CUS-01919,PARTIAL_FILL
2026-06-01,WH-ABJ,PRD-0019,2,CUS-01893,PARTIAL_FILL
2026-06-02,WH-ABJ,PRD-0091,5,CUS-00528,PARTIAL_FILL
2026-06-02,WH-ABJ,PRD-0092,5,CUS-00184,STOCKOUT
2026-06-03,WH-LAG2,PRD-0009,3,CUS-01731,PARTIAL_FILL
2026-06-03,WH-LAG2,PRD-0048,11,CUS-02121,PARTIAL_FILL
2026-06-04,WH-ABJ,PRD-0014,2,CUS-00912,PARTIAL_FILL
2026-06-04,WH-IBD,PRD-0142,14,CUS-01553,PARTIAL_FILL
2026-06-05,WH-LAG1,PRD-0009,7,CUS-01878,PARTIAL_FILL
2026-06-05,WH-LAG2,PRD-0069,8,CUS-02140,STOCKOUT
2026-06-05,WH-IBD,PRD-0091,13,CUS-01852,STOCKOUT
2026-06-05,WH-ABJ,PRD-0091,18,CUS-01692,STOCKOUT
2026-06-05,WH-LAG1,PRD-0115,7,CUS-01398,PARTIAL_FILL
2026-06-05,WH-LAG2,PRD-0131,1,CUS-00453,STOCKOUT
2026-06-06,WH-LAG1,PRD-0023,17,CUS-00972,PARTIAL_FILL
2026-06-06,WH-LAG1,PRD-0023,8,CUS-00998,STOCKOUT
2026-06-08,WH-IBD,PRD-0008,29,CUS-00690,PARTIAL_FILL
2026-06-08,WH-LAG2,PRD-0073,4,CUS-02465,PARTIAL_FILL
2026-06-08,WH-IBD,PRD-0091,8,CUS-00242,STOCKOUT
2026-06-08,WH-LAG1,PRD-0104,1,CUS-01984,PARTIAL_FILL
2026-06-08,WH-LAG2,PRD-0115,12,CUS-01362,STOCKOUT
2026-06-09,WH-LAG1,PRD-0018,10,CUS-02345,PARTIAL_FILL
2026-06-09,WH-LAG1,PRD-0018,7,CUS-00712,STOCKOUT
2026-06-09,WH-ABJ,PRD-0080,5,CUS-01951,PARTIAL_FILL
2026-06-10,WH-IBD,PRD-0038,20,CUS-02079,PARTIAL_FILL
2026-06-11,WH-ABJ,PRD-0019,14,CUS-01703,STOCKOUT
2026-06-11,WH-LAG2,PRD-0048,5,CUS-00462,STOCKOUT
2026-06-11,WH-LAG1,PRD-0076,5,CUS-00121,PARTIAL_FILL
2026-06-12,WH-ABJ,PRD-0023,8,CUS-01951,PARTIAL_FILL
2026-06-12,WH-ABJ,PRD-0023,4,CUS-00953,STOCKOUT
2026-06-12,WH-LAG1,PRD-0076,12,CUS-00049,STOCKOUT
2026-06-12,WH-IBD,PRD-0091,6,CUS-00293,STOCKOUT
2026-06-12,WH-LAG2,PRD-0123,23,CUS-01230,STOCKOUT
2026-06-13,WH-LAG1,PRD-0018,9,CUS-00538,STOCKOUT
2026-06-13,WH-LAG1,PRD-0018,8,CUS-02347,STOCKOUT
2026-06-13,WH-LAG1,PRD-0018,6,CUS-01424,STOCKOUT
2026-06-13,WH-IBD,PRD-0033,7,CUS-02277,PARTIAL_FILL
2026-06-16,WH-ABJ,PRD-0001,9,CUS-00636,PARTIAL_FILL
2026-06-16,WH-IBD,PRD-0027,6,CUS-00261,PARTIAL_FILL
2026-06-16,WH-ABJ,PRD-0046,8,CUS-01152,PARTIAL_FILL
2026-06-16,WH-IBD,PRD-0091,3,CUS-00360,STOCKOUT
2026-06-18,WH-IBD,PRD-0006,5,CUS-00624,STOCKOUT
2026-06-18,WH-PHC,PRD-0079,4,CUS-00142,PARTIAL_FILL
2026-06-19,WH-LAG1,PRD-0118,2,CUS-01299,PARTIAL_FILL
2026-06-22,WH-PHC,PRD-0034,9,CUS-00132,PARTIAL_FILL
2026-06-22,WH-IBD,PRD-0046,1,CUS-00693,PARTIAL_FILL
2026-06-22,WH-LAG1,PRD-0119,6,CUS-01260,PARTIAL_FILL
2026-06-23,WH-ABJ,PRD-0001,2,CUS-00958,STOCKOUT
2026-06-24,WH-IBD,PRD-0019,3,CUS-00361,PARTIAL_FILL
2026-06-24,WH-IBD,PRD-0146,4,CUS-00935,PARTIAL_FILL
2026-06-25,WH-IBD,PRD-0137,3,CUS-00752,PARTIAL_FILL
2026-06-26,WH-LAG2,PRD-0153,15,CUS-01433,PARTIAL_FILL
2026-06-27,WH-PHC,PRD-0123,11,CUS-01784,PARTIAL_FILL
2026-06-27,WH-LAG2,PRD-0159,9,CUS-00497,PARTIAL_FILL
2026-06-29,WH-ABJ,PRD-0055,17,CUS-00454,PARTIAL_FILL
2026-06-29,WH-PHC,PRD-0072,14,CUS-00024,PARTIAL_FILL
