ReturnID,ReturnDate,OrderID,CustomerID,ProductID,WarehouseID,QtyReturned,Reason
RET-00001,2024-12-28,ORD-2024-013030,CUS-01852,PRD-0146,WH-LAG1,4,Wrong item
RET-00002,2025-06-27,ORD-2025-025947,CUS-02237,PRD-0120,WH-LAG2,6,Customer overstock
RET-00003,2025-07-01,ORD-2025-026994,CUS-01394,PRD-0065,WH-LAG2,10,Near expiry
RET-00004,2026-05-27,ORD-2026-050977,CUS-00224,PRD-0161,WH-ABJ,3,Customer overstock
RET-00005,2024-07-12,ORD-2024-000156,CUS-01646,PRD-0166,WH-PHC,5,Near expiry
RET-00006,2025-08-29,ORD-2025-030121,CUS-02038,PRD-0103,WH-ABJ,16,Damaged in transit
RET-00007,2025-09-05,ORD-2025-030703,CUS-02016,PRD-0111,WH-LAG2,7,Damaged in transit
RET-00008,2025-09-06,ORD-2025-030847,CUS-01539,PRD-0086,WH-IBD,5,Near expiry
RET-00009,2025-10-28,ORD-2025-034729,CUS-01756,PRD-0064,WH-PHC,1,Customer overstock
RET-00010,2025-01-27,ORD-2025-015715,CUS-02073,PRD-0084,WH-PHC,1,Customer overstock
RET-00011,2024-12-09,ORD-2024-011915,CUS-00228,PRD-0082,WH-LAG1,3,Customer overstock
RET-00012,2025-09-14,ORD-2025-031365,CUS-00656,PRD-0090,WH-LAG1,13,Wrong item
RET-00013,2024-12-08,ORD-2024-011829,CUS-02009,PRD-0100,WH-LAG1,8,Near expiry
RET-00014,2025-07-16,ORD-2025-027719,CUS-00174,PRD-0051,WH-ABJ,5,Customer overstock
RET-00015,2025-11-09,ORD-2025-035506,CUS-01863,PRD-0145,WH-LAG2,3,Damaged in transit
RET-00016,2025-02-25,ORD-2025-017611,CUS-01771,PRD-0123,WH-LAG1,11,Wrong item
RET-00017,2024-09-02,ORD-2024-003659,CUS-01709,PRD-0075,WH-PHC,1,Customer overstock
RET-00018,2026-01-05,ORD-2025-041317,CUS-01561,PRD-0090,WH-LAG1,2,Near expiry
RET-00019,2025-09-06,ORD-2025-031397,CUS-01043,PRD-0151,WH-LAG1,8,Near expiry
RET-00020,2026-04-25,ORD-2026-049046,CUS-00890,PRD-0004,WH-ABJ,4,Wrong item
RET-00021,2026-01-17,ORD-2026-042423,CUS-01153,PRD-0165,WH-LAG2,1,Wrong item
RET-00022,2026-05-29,ORD-2026-051386,CUS-01593,PRD-0142,WH-LAG1,1,Near expiry
RET-00023,2024-08-24,ORD-2024-002895,CUS-02159,PRD-0160,WH-PHC,4,Near expiry
RET-00024,2025-03-25,ORD-2025-019948,CUS-01276,PRD-0165,WH-LAG1,4,Damaged in transit
RET-00025,2024-11-06,ORD-2024-008464,CUS-00398,PRD-0090,WH-LAG1,4,Damaged in transit
RET-00026,2026-03-02,ORD-2026-045132,CUS-00413,PRD-0093,WH-IBD,1,Near expiry
RET-00027,2025-07-12,ORD-2025-027481,CUS-01514,PRD-0052,WH-ABJ,2,Damaged in transit
RET-00028,2026-02-10,ORD-2026-043703,CUS-01098,PRD-0074,WH-LAG1,7,Customer overstock
RET-00029,2025-12-11,ORD-2025-038199,CUS-01982,PRD-0118,WH-IBD,1,Near expiry
RET-00030,2025-12-07,ORD-2025-038079,CUS-02269,PRD-0067,WH-LAG1,2,Damaged in transit
RET-00031,2024-11-17,ORD-2024-009125,CUS-02127,PRD-0039,WH-LAG1,4,Wrong item
RET-00032,2026-06-28,ORD-2026-053500,CUS-01771,PRD-0004,WH-LAG1,2,Wrong item
RET-00033,2024-12-10,ORD-2024-011674,CUS-01207,PRD-0074,WH-LAG1,1,Wrong item
RET-00034,2025-12-20,ORD-2025-039692,CUS-00196,PRD-0116,WH-PHC,5,Near expiry
RET-00035,2025-10-12,ORD-2025-033631,CUS-01582,PRD-0002,WH-PHC,7,Near expiry
RET-00036,2024-09-14,ORD-2024-004524,CUS-01641,PRD-0156,WH-LAG2,1,Customer overstock
RET-00037,2025-04-22,ORD-2025-021842,CUS-01743,PRD-0100,WH-LAG1,3,Wrong item
RET-00038,2026-02-19,ORD-2026-044185,CUS-00633,PRD-0125,WH-LAG1,22,Damaged in transit
RET-00039,2025-05-30,ORD-2025-024853,CUS-01675,PRD-0151,WH-LAG1,5,Wrong item
RET-00040,2025-08-28,ORD-2025-030151,CUS-02159,PRD-0157,WH-PHC,15,Near expiry
RET-00041,2026-06-17,ORD-2026-052661,CUS-00952,PRD-0043,WH-IBD,12,Damaged in transit
RET-00042,2025-02-07,ORD-2025-016532,CUS-01182,PRD-0090,WH-ABJ,3,Damaged in transit
RET-00043,2026-06-06,ORD-2026-051754,CUS-02017,PRD-0046,WH-LAG2,9,Damaged in transit
RET-00044,2025-04-26,ORD-2025-022171,CUS-02084,PRD-0090,WH-ABJ,3,Near expiry
RET-00045,2026-05-26,ORD-2026-051151,CUS-00112,PRD-0161,WH-PHC,3,Wrong item
RET-00046,2025-12-22,ORD-2025-039287,CUS-00731,PRD-0077,WH-IBD,6,Wrong item
RET-00047,2025-08-23,ORD-2025-029820,CUS-01574,PRD-0108,WH-ABJ,2,Customer overstock
RET-00048,2025-09-20,ORD-2025-032199,CUS-00911,PRD-0113,WH-IBD,3,Wrong item
RET-00049,2025-08-18,ORD-2025-029816,CUS-01030,PRD-0098,WH-LAG1,3,Damaged in transit
RET-00050,2025-04-13,ORD-2025-021203,CUS-01464,PRD-0099,WH-LAG1,8,Wrong item
RET-00051,2025-08-08,ORD-2025-029046,CUS-00933,PRD-0025,WH-LAG2,10,Near expiry
RET-00052,2024-11-22,ORD-2024-009538,CUS-00858,PRD-0085,WH-ABJ,6,Wrong item
RET-00053,2026-01-21,ORD-2026-042772,CUS-01075,PRD-0082,WH-ABJ,3,Customer overstock
RET-00054,2025-11-14,ORD-2025-036504,CUS-00522,PRD-0165,WH-LAG1,6,Damaged in transit
RET-00055,2024-12-08,ORD-2024-011138,CUS-00094,PRD-0087,WH-PHC,1,Near expiry
RET-00056,2024-09-11,ORD-2024-004128,CUS-02281,PRD-0018,WH-ABJ,1,Customer overstock
RET-00057,2025-03-01,ORD-2025-017977,CUS-01418,PRD-0128,WH-LAG1,2,Damaged in transit
RET-00058,2025-07-04,ORD-2025-026889,CUS-00470,PRD-0088,WH-LAG1,12,Damaged in transit
RET-00059,2026-01-06,ORD-2025-041226,CUS-01356,PRD-0120,WH-PHC,12,Near expiry
RET-00060,2025-07-13,ORD-2025-027661,CUS-00474,PRD-0085,WH-LAG2,10,Damaged in transit
RET-00061,2024-08-04,ORD-2024-002092,CUS-01425,PRD-0046,WH-LAG1,3,Near expiry
RET-00062,2025-02-24,ORD-2025-017263,CUS-01411,PRD-0065,WH-LAG1,1,Damaged in transit
RET-00063,2025-10-07,ORD-2025-033130,CUS-02035,PRD-0044,WH-ABJ,1,Wrong item
RET-00064,2024-10-06,ORD-2024-006520,CUS-02261,PRD-0062,WH-PHC,2,Near expiry
RET-00065,2024-09-01,ORD-2024-003931,CUS-00557,PRD-0151,WH-LAG2,1,Damaged in transit
RET-00066,2024-11-16,ORD-2024-009122,CUS-02233,PRD-0027,WH-ABJ,6,Damaged in transit
RET-00067,2026-03-26,ORD-2026-046943,CUS-01397,PRD-0117,WH-PHC,4,Near expiry
RET-00068,2025-09-05,ORD-2025-030846,CUS-01061,PRD-0085,WH-LAG2,7,Customer overstock
RET-00069,2025-04-18,ORD-2025-021141,CUS-00681,PRD-0156,WH-IBD,4,Near expiry
RET-00070,2024-12-22,ORD-2024-012892,CUS-01938,PRD-0125,WH-PHC,1,Wrong item
RET-00071,2026-02-09,ORD-2026-043365,CUS-00986,PRD-0098,WH-ABJ,5,Near expiry
RET-00072,2026-05-21,ORD-2026-050583,CUS-00677,PRD-0151,WH-IBD,1,Near expiry
RET-00073,2025-07-28,ORD-2025-028104,CUS-02310,PRD-0060,WH-LAG2,9,Wrong item
RET-00074,2026-02-18,ORD-2026-043898,CUS-00966,PRD-0161,WH-ABJ,16,Wrong item
RET-00075,2024-10-25,ORD-2024-007575,CUS-01861,PRD-0079,WH-LAG1,12,Damaged in transit
RET-00076,2025-12-18,ORD-2025-039244,CUS-01078,PRD-0153,WH-LAG1,5,Damaged in transit
RET-00077,2025-11-13,ORD-2025-036049,CUS-00754,PRD-0036,WH-PHC,6,Damaged in transit
RET-00078,2025-06-06,ORD-2025-025109,CUS-00900,PRD-0151,WH-LAG1,7,Wrong item
RET-00079,2025-01-25,ORD-2025-015496,CUS-01476,PRD-0057,WH-PHC,7,Near expiry
RET-00080,2025-06-21,ORD-2025-026184,CUS-02438,PRD-0154,WH-LAG1,3,Wrong item
RET-00081,2025-12-31,ORD-2025-040515,CUS-00999,PRD-0147,WH-IBD,7,Damaged in transit
RET-00082,2025-11-06,ORD-2025-035612,CUS-00635,PRD-0125,WH-PHC,5,Near expiry
RET-00083,2025-12-13,ORD-2025-039418,CUS-01914,PRD-0084,WH-ABJ,5,Near expiry
RET-00084,2024-09-04,ORD-2024-003513,CUS-02003,PRD-0103,WH-IBD,1,Customer overstock
RET-00085,2024-10-20,ORD-2024-006958,CUS-00292,PRD-0144,WH-LAG1,1,Near expiry
RET-00086,2024-07-20,ORD-2024-000806,CUS-01294,PRD-0128,WH-LAG1,1,Damaged in transit
RET-00087,2025-07-17,ORD-2025-027791,CUS-00138,PRD-0019,WH-LAG2,1,Damaged in transit
RET-00088,2026-06-14,ORD-2026-052182,CUS-02281,PRD-0082,WH-ABJ,3,Customer overstock
RET-00089,2026-04-18,ORD-2026-048670,CUS-02403,PRD-0109,WH-LAG1,2,Damaged in transit
RET-00090,2025-05-15,ORD-2025-023035,CUS-00349,PRD-0153,WH-PHC,1,Damaged in transit
RET-00091,2024-12-15,ORD-2024-012357,CUS-02489,PRD-0118,WH-LAG1,5,Damaged in transit
RET-00092,2026-06-08,ORD-2026-052232,CUS-00424,PRD-0151,WH-PHC,3,Wrong item
RET-00093,2026-07-03,ORD-2026-053703,CUS-02404,PRD-0100,WH-ABJ,1,Wrong item
RET-00094,2025-06-16,ORD-2025-025673,CUS-01619,PRD-0045,WH-IBD,2,Wrong item
RET-00095,2025-12-21,ORD-2025-039309,CUS-01011,PRD-0102,WH-LAG1,2,Near expiry
RET-00096,2025-12-14,ORD-2025-038367,CUS-01293,PRD-0007,WH-PHC,1,Wrong item
RET-00097,2025-07-30,ORD-2025-028548,CUS-02202,PRD-0035,WH-LAG1,9,Damaged in transit
RET-00098,2025-11-25,ORD-2025-037050,CUS-00949,PRD-0083,WH-IBD,3,Near expiry
RET-00099,2026-04-30,ORD-2026-049050,CUS-01232,PRD-0011,WH-LAG1,2,Wrong item
RET-00100,2025-05-24,ORD-2025-023632,CUS-01573,PRD-0100,WH-LAG1,3,Wrong item
RET-00101,2024-09-22,ORD-2024-005422,CUS-01842,PRD-0079,WH-LAG1,14,Customer overstock
RET-00102,2025-08-06,ORD-2025-029171,CUS-00164,PRD-0094,WH-PHC,12,Wrong item
RET-00103,2026-05-07,ORD-2026-049363,CUS-01324,PRD-0102,WH-ABJ,4,Damaged in transit
RET-00104,2024-12-09,ORD-2024-011531,CUS-01462,PRD-0068,WH-PHC,4,Wrong item
RET-00105,2025-03-24,ORD-2025-019235,CUS-01495,PRD-0064,WH-LAG1,17,Wrong item
RET-00106,2025-11-05,ORD-2025-035349,CUS-01232,PRD-0151,WH-LAG2,11,Customer overstock
RET-00107,2024-08-11,ORD-2024-002289,CUS-01888,PRD-0090,WH-LAG2,4,Near expiry
RET-00108,2025-08-24,ORD-2025-030250,CUS-00534,PRD-0061,WH-LAG1,4,Near expiry
RET-00109,2024-07-28,ORD-2024-001348,CUS-01882,PRD-0115,WH-LAG1,12,Customer overstock
RET-00110,2025-09-25,ORD-2025-032198,CUS-00657,PRD-0110,WH-ABJ,12,Near expiry
RET-00111,2024-10-04,ORD-2024-005797,CUS-00753,PRD-0090,WH-PHC,4,Near expiry
RET-00112,2025-04-03,ORD-2025-020311,CUS-01633,PRD-0024,WH-LAG2,1,Damaged in transit
RET-00113,2026-01-07,ORD-2025-041442,CUS-01346,PRD-0094,WH-LAG1,1,Near expiry
RET-00114,2026-02-22,ORD-2026-044125,CUS-00363,PRD-0151,WH-LAG2,1,Customer overstock
RET-00115,2025-04-03,ORD-2025-019914,CUS-00532,PRD-0077,WH-ABJ,5,Near expiry
RET-00116,2026-06-04,ORD-2026-051648,CUS-01527,PRD-0156,WH-ABJ,1,Customer overstock
RET-00117,2026-06-30,ORD-2026-053491,CUS-01535,PRD-0155,WH-IBD,1,Near expiry
RET-00118,2025-09-01,ORD-2025-030353,CUS-01771,PRD-0116,WH-LAG2,2,Customer overstock
RET-00119,2025-09-16,ORD-2025-031652,CUS-00554,PRD-0031,WH-LAG1,2,Damaged in transit
RET-00120,2024-10-16,ORD-2024-006920,CUS-01217,PRD-0076,WH-IBD,1,Wrong item
RET-00121,2026-02-13,ORD-2026-043796,CUS-00212,PRD-0120,WH-ABJ,5,Damaged in transit
RET-00122,2025-11-03,ORD-2025-035549,CUS-01856,PRD-0063,WH-PHC,6,Damaged in transit
RET-00123,2024-11-23,ORD-2024-010338,CUS-01141,PRD-0033,WH-LAG1,2,Near expiry
RET-00124,2025-05-22,ORD-2025-023956,CUS-00393,PRD-0126,WH-LAG2,7,Wrong item
RET-00125,2024-12-23,ORD-2024-012438,CUS-01584,PRD-0062,WH-LAG2,1,Customer overstock
RET-00126,2025-12-18,ORD-2025-039074,CUS-01161,PRD-0091,WH-LAG1,11,Near expiry
RET-00127,2025-07-06,ORD-2025-026877,CUS-00785,PRD-0037,WH-LAG2,8,Damaged in transit
RET-00128,2024-08-27,ORD-2024-003593,CUS-00373,PRD-0154,WH-PHC,1,Wrong item
RET-00129,2025-04-19,ORD-2025-021629,CUS-00616,PRD-0105,WH-LAG2,2,Damaged in transit
RET-00130,2025-05-23,ORD-2025-023648,CUS-02322,PRD-0132,WH-LAG1,2,Near expiry
RET-00131,2025-02-07,ORD-2025-016337,CUS-01187,PRD-0101,WH-ABJ,1,Customer overstock
RET-00132,2026-02-02,ORD-2026-043185,CUS-02098,PRD-0011,WH-PHC,6,Damaged in transit
RET-00133,2025-06-30,ORD-2025-026717,CUS-00573,PRD-0167,WH-ABJ,43,Wrong item
RET-00134,2025-11-16,ORD-2025-036787,CUS-01518,PRD-0121,WH-PHC,5,Damaged in transit
RET-00135,2024-12-08,ORD-2024-011667,CUS-01665,PRD-0063,WH-ABJ,3,Customer overstock
RET-00136,2024-12-22,ORD-2024-012465,CUS-01411,PRD-0090,WH-LAG1,1,Wrong item
RET-00137,2025-03-04,ORD-2025-018532,CUS-00201,PRD-0125,WH-ABJ,2,Customer overstock
RET-00138,2024-12-05,ORD-2024-011489,CUS-00356,PRD-0004,WH-LAG1,1,Near expiry
RET-00139,2026-05-16,ORD-2026-049840,CUS-01786,PRD-0026,WH-LAG2,3,Damaged in transit
RET-00140,2026-01-03,ORD-2025-040720,CUS-00854,PRD-0108,WH-LAG1,6,Damaged in transit
RET-00141,2024-10-02,ORD-2024-005553,CUS-01281,PRD-0026,WH-ABJ,1,Customer overstock
RET-00142,2025-04-15,ORD-2025-021513,CUS-02033,PRD-0086,WH-LAG1,6,Near expiry
RET-00143,2024-08-21,ORD-2024-002730,CUS-00607,PRD-0024,WH-ABJ,1,Wrong item
RET-00144,2024-11-26,ORD-2024-009905,CUS-00685,PRD-0098,WH-IBD,4,Wrong item
RET-00145,2026-02-15,ORD-2026-043948,CUS-00253,PRD-0151,WH-ABJ,1,Wrong item
RET-00146,2024-08-30,ORD-2024-003785,CUS-01936,PRD-0151,WH-ABJ,5,Wrong item
RET-00147,2025-10-03,ORD-2025-032520,CUS-01730,PRD-0039,WH-LAG1,1,Damaged in transit
RET-00148,2025-12-09,ORD-2025-038755,CUS-00343,PRD-0077,WH-IBD,1,Wrong item
RET-00149,2026-02-12,ORD-2026-043498,CUS-01943,PRD-0105,WH-LAG1,2,Wrong item
RET-00150,2025-10-24,ORD-2025-034473,CUS-02335,PRD-0098,WH-LAG1,10,Customer overstock
RET-00151,2025-04-01,ORD-2025-020511,CUS-00660,PRD-0090,WH-ABJ,1,Wrong item
RET-00152,2025-12-18,ORD-2025-039250,CUS-00168,PRD-0161,WH-LAG2,16,Near expiry
RET-00153,2024-10-31,ORD-2024-008007,CUS-00287,PRD-0090,WH-LAG1,6,Wrong item
RET-00154,2025-11-10,ORD-2025-035473,CUS-02478,PRD-0090,WH-ABJ,12,Damaged in transit
RET-00155,2025-05-24,ORD-2025-023882,CUS-01457,PRD-0120,WH-PHC,2,Damaged in transit
RET-00156,2025-04-19,ORD-2025-021707,CUS-02237,PRD-0103,WH-LAG1,1,Customer overstock
RET-00157,2026-03-03,ORD-2026-044727,CUS-01758,PRD-0039,WH-IBD,2,Customer overstock
RET-00158,2025-02-10,ORD-2025-016447,CUS-02396,PRD-0085,WH-LAG2,20,Wrong item
RET-00159,2024-09-09,ORD-2024-004612,CUS-02372,PRD-0118,WH-IBD,8,Wrong item
RET-00160,2025-01-30,ORD-2025-016258,CUS-02394,PRD-0105,WH-ABJ,2,Damaged in transit
RET-00161,2026-05-23,ORD-2026-051262,CUS-01483,PRD-0090,WH-LAG1,1,Near expiry
RET-00162,2025-02-20,ORD-2025-017053,CUS-01116,PRD-0108,WH-LAG1,1,Damaged in transit
RET-00163,2024-10-24,ORD-2024-007335,CUS-01984,PRD-0137,WH-LAG2,2,Customer overstock
RET-00164,2024-11-21,ORD-2024-010021,CUS-00515,PRD-0060,WH-PHC,4,Wrong item
RET-00165,2024-08-11,ORD-2024-002442,CUS-01122,PRD-0160,WH-PHC,2,Near expiry
RET-00166,2025-05-17,ORD-2025-023799,CUS-01039,PRD-0150,WH-LAG1,2,Wrong item
RET-00167,2025-06-08,ORD-2025-025041,CUS-02044,PRD-0018,WH-LAG1,2,Damaged in transit
RET-00168,2025-11-16,ORD-2025-036784,CUS-00638,PRD-0121,WH-LAG1,1,Wrong item
RET-00169,2024-12-21,ORD-2024-012732,CUS-00515,PRD-0108,WH-PHC,2,Near expiry
RET-00170,2025-12-04,ORD-2025-038100,CUS-00351,PRD-0125,WH-IBD,11,Damaged in transit
RET-00171,2024-10-12,ORD-2024-007008,CUS-02422,PRD-0076,WH-LAG1,7,Near expiry
RET-00172,2026-01-11,ORD-2025-041328,CUS-01184,PRD-0090,WH-PHC,1,Damaged in transit
RET-00173,2026-01-02,ORD-2025-041143,CUS-00324,PRD-0001,WH-IBD,2,Damaged in transit
RET-00174,2026-06-22,ORD-2026-053188,CUS-02129,PRD-0156,WH-IBD,7,Wrong item
RET-00175,2025-05-02,ORD-2025-022116,CUS-00312,PRD-0128,WH-LAG1,4,Wrong item
RET-00176,2025-09-01,ORD-2025-030653,CUS-00166,PRD-0018,WH-IBD,1,Wrong item
RET-00177,2025-03-27,ORD-2025-019553,CUS-01208,PRD-0046,WH-LAG1,1,Near expiry
RET-00178,2024-09-17,ORD-2024-005179,CUS-00859,PRD-0091,WH-LAG2,1,Damaged in transit
RET-00179,2025-08-18,ORD-2025-029834,CUS-00533,PRD-0145,WH-LAG1,1,Damaged in transit
RET-00180,2025-07-27,ORD-2025-028119,CUS-00941,PRD-0086,WH-IBD,5,Near expiry
RET-00181,2025-05-22,ORD-2025-023969,CUS-02376,PRD-0019,WH-PHC,5,Near expiry
RET-00182,2025-12-11,ORD-2025-038727,CUS-02043,PRD-0004,WH-LAG1,4,Customer overstock
RET-00183,2024-09-18,ORD-2024-004746,CUS-02067,PRD-0090,WH-PHC,8,Customer overstock
RET-00184,2025-11-12,ORD-2025-035896,CUS-00910,PRD-0090,WH-ABJ,14,Wrong item
RET-00185,2026-03-15,ORD-2026-045803,CUS-01413,PRD-0031,WH-ABJ,12,Customer overstock
RET-00186,2026-06-13,ORD-2026-052322,CUS-01694,PRD-0026,WH-ABJ,1,Customer overstock
RET-00187,2024-08-14,ORD-2024-002441,CUS-00143,PRD-0156,WH-IBD,1,Customer overstock
RET-00188,2025-03-25,ORD-2025-019903,CUS-00380,PRD-0064,WH-LAG1,22,Damaged in transit
RET-00189,2025-01-09,ORD-2024-014535,CUS-02186,PRD-0118,WH-LAG1,8,Damaged in transit
RET-00190,2026-01-24,ORD-2026-042212,CUS-00511,PRD-0016,WH-LAG2,1,Near expiry
RET-00191,2026-07-06,ORD-2026-053981,CUS-00455,PRD-0161,WH-PHC,3,Wrong item
RET-00192,2024-09-19,ORD-2024-005239,CUS-01408,PRD-0062,WH-LAG1,8,Damaged in transit
RET-00193,2026-02-22,ORD-2026-044631,CUS-00907,PRD-0004,WH-LAG2,1,Wrong item
RET-00194,2026-05-31,ORD-2026-051389,CUS-02136,PRD-0151,WH-LAG2,8,Wrong item
RET-00195,2026-04-24,ORD-2026-048334,CUS-01998,PRD-0090,WH-LAG2,4,Near expiry
RET-00196,2025-03-18,ORD-2025-018964,CUS-00503,PRD-0037,WH-PHC,7,Customer overstock
RET-00197,2025-02-18,ORD-2025-016983,CUS-00497,PRD-0077,WH-LAG1,9,Customer overstock
RET-00198,2026-01-06,ORD-2026-041812,CUS-00333,PRD-0160,WH-ABJ,1,Damaged in transit
RET-00199,2024-10-22,ORD-2024-007615,CUS-01021,PRD-0162,WH-PHC,6,Customer overstock
RET-00200,2025-04-21,ORD-2025-021393,CUS-01233,PRD-0018,WH-LAG2,23,Near expiry
RET-00201,2026-06-12,ORD-2026-051955,CUS-00749,PRD-0080,WH-LAG2,7,Damaged in transit
RET-00202,2025-05-05,ORD-2025-022813,CUS-02359,PRD-0100,WH-ABJ,1,Near expiry
RET-00203,2026-01-01,ORD-2025-040457,CUS-00869,PRD-0096,WH-IBD,2,Wrong item
RET-00204,2025-04-22,ORD-2025-021423,CUS-02356,PRD-0125,WH-LAG2,4,Wrong item
RET-00205,2025-11-09,ORD-2025-035848,CUS-01142,PRD-0007,WH-ABJ,1,Wrong item
RET-00206,2026-06-01,ORD-2026-051159,CUS-02010,PRD-0024,WH-LAG2,24,Customer overstock
RET-00207,2024-12-18,ORD-2024-012479,CUS-02359,PRD-0098,WH-ABJ,12,Customer overstock
RET-00208,2026-01-04,ORD-2025-040880,CUS-00956,PRD-0161,WH-PHC,3,Damaged in transit
RET-00209,2025-09-08,ORD-2025-031458,CUS-02272,PRD-0115,WH-PHC,1,Wrong item
RET-00210,2025-04-13,ORD-2025-021096,CUS-00651,PRD-0086,WH-ABJ,1,Wrong item
RET-00211,2024-12-10,ORD-2024-011023,CUS-00305,PRD-0065,WH-ABJ,2,Customer overstock
RET-00212,2025-03-20,ORD-2025-019689,CUS-01076,PRD-0150,WH-LAG1,7,Damaged in transit
RET-00213,2025-03-13,ORD-2025-018955,CUS-00069,PRD-0005,WH-IBD,7,Customer overstock
RET-00214,2025-04-25,ORD-2025-022016,CUS-00621,PRD-0098,WH-LAG1,5,Wrong item
RET-00215,2026-03-16,ORD-2026-045619,CUS-02321,PRD-0108,WH-ABJ,4,Near expiry
RET-00216,2025-07-08,ORD-2025-026732,CUS-00807,PRD-0051,WH-LAG2,1,Customer overstock
RET-00217,2026-05-10,ORD-2026-049920,CUS-01412,PRD-0012,WH-ABJ,4,Wrong item
RET-00218,2025-06-23,ORD-2025-026133,CUS-01776,PRD-0065,WH-LAG1,5,Damaged in transit
RET-00219,2024-09-12,ORD-2024-004838,CUS-01908,PRD-0118,WH-LAG2,4,Wrong item
RET-00220,2026-04-03,ORD-2026-047062,CUS-02168,PRD-0016,WH-IBD,3,Customer overstock
RET-00221,2024-07-19,ORD-2024-001102,CUS-00331,PRD-0090,WH-ABJ,1,Customer overstock
RET-00222,2025-05-19,ORD-2025-023495,CUS-00136,PRD-0004,WH-LAG1,1,Damaged in transit
RET-00223,2025-06-29,ORD-2025-026525,CUS-00910,PRD-0090,WH-ABJ,4,Damaged in transit
RET-00224,2025-08-01,ORD-2025-028869,CUS-00944,PRD-0098,WH-ABJ,6,Near expiry
RET-00225,2025-10-24,ORD-2025-034684,CUS-00195,PRD-0143,WH-LAG1,56,Damaged in transit
RET-00226,2025-07-29,ORD-2025-028497,CUS-01597,PRD-0091,WH-IBD,1,Near expiry
RET-00227,2024-09-18,ORD-2024-005015,CUS-01603,PRD-0135,WH-ABJ,3,Wrong item
RET-00228,2025-11-11,ORD-2025-036318,CUS-00113,PRD-0152,WH-LAG1,2,Near expiry
RET-00229,2025-09-15,ORD-2025-031537,CUS-02145,PRD-0002,WH-PHC,2,Wrong item
RET-00230,2026-04-25,ORD-2026-048299,CUS-00930,PRD-0036,WH-LAG1,9,Customer overstock
RET-00231,2025-12-09,ORD-2025-037895,CUS-00138,PRD-0166,WH-LAG2,8,Customer overstock
RET-00232,2026-07-01,ORD-2026-053267,CUS-01755,PRD-0161,WH-ABJ,1,Wrong item
RET-00233,2026-03-28,ORD-2026-046889,CUS-01313,PRD-0164,WH-PHC,8,Customer overstock
RET-00234,2025-12-01,ORD-2025-037510,CUS-01716,PRD-0049,WH-IBD,3,Wrong item
RET-00235,2025-02-18,ORD-2025-017338,CUS-00726,PRD-0073,WH-PHC,2,Wrong item
RET-00236,2024-07-16,ORD-2024-000918,CUS-02269,PRD-0060,WH-LAG1,7,Customer overstock
RET-00237,2025-12-13,ORD-2025-039372,CUS-00596,PRD-0027,WH-LAG1,1,Customer overstock
RET-00238,2024-12-23,ORD-2024-013273,CUS-01220,PRD-0141,WH-IBD,1,Damaged in transit
RET-00239,2025-05-23,ORD-2025-023857,CUS-00289,PRD-0086,WH-IBD,7,Customer overstock
RET-00240,2025-11-30,ORD-2025-037733,CUS-01927,PRD-0048,WH-LAG1,4,Wrong item
RET-00241,2024-08-09,ORD-2024-002210,CUS-00152,PRD-0160,WH-LAG2,1,Customer overstock
RET-00242,2025-11-05,ORD-2025-035562,CUS-02045,PRD-0083,WH-LAG1,13,Damaged in transit
RET-00243,2025-01-22,ORD-2025-015451,CUS-02291,PRD-0103,WH-PHC,6,Customer overstock
RET-00244,2025-05-13,ORD-2025-023175,CUS-00138,PRD-0118,WH-LAG1,2,Near expiry
RET-00245,2025-08-14,ORD-2025-029225,CUS-00327,PRD-0108,WH-ABJ,2,Wrong item
RET-00246,2025-12-30,ORD-2025-040172,CUS-00923,PRD-0077,WH-ABJ,3,Damaged in transit
RET-00247,2026-04-12,ORD-2026-047561,CUS-00694,PRD-0090,WH-LAG1,1,Customer overstock
RET-00248,2026-04-15,ORD-2026-048196,CUS-02487,PRD-0151,WH-LAG1,2,Wrong item
RET-00249,2024-09-20,ORD-2024-004816,CUS-02301,PRD-0090,WH-LAG1,1,Wrong item
RET-00250,2025-08-17,ORD-2025-029262,CUS-00767,PRD-0019,WH-PHC,2,Damaged in transit
RET-00251,2025-02-21,ORD-2025-017655,CUS-00063,PRD-0061,WH-LAG1,1,Customer overstock
RET-00252,2026-07-07,ORD-2026-053935,CUS-02118,PRD-0068,WH-LAG1,2,Near expiry
RET-00253,2024-10-08,ORD-2024-006672,CUS-01830,PRD-0127,WH-LAG1,1,Customer overstock
RET-00254,2025-04-20,ORD-2025-021765,CUS-00039,PRD-0090,WH-PHC,4,Customer overstock
RET-00255,2024-11-14,ORD-2024-009169,CUS-00871,PRD-0098,WH-LAG1,4,Damaged in transit
RET-00256,2025-07-15,ORD-2025-027314,CUS-01968,PRD-0131,WH-PHC,2,Damaged in transit
RET-00257,2026-03-16,ORD-2026-045827,CUS-00586,PRD-0167,WH-LAG1,17,Damaged in transit
RET-00258,2024-09-29,ORD-2024-005924,CUS-01810,PRD-0041,WH-LAG2,5,Wrong item
RET-00259,2025-06-01,ORD-2025-024330,CUS-01455,PRD-0020,WH-LAG2,6,Wrong item
RET-00260,2025-04-05,ORD-2025-020848,CUS-01378,PRD-0109,WH-PHC,8,Damaged in transit
RET-00261,2026-05-06,ORD-2026-049340,CUS-00996,PRD-0082,WH-PHC,7,Damaged in transit
RET-00262,2025-09-08,ORD-2025-031145,CUS-02364,PRD-0142,WH-LAG2,1,Wrong item
RET-00263,2025-04-05,ORD-2025-020740,CUS-02470,PRD-0077,WH-LAG2,2,Wrong item
RET-00264,2026-03-31,ORD-2026-047047,CUS-01681,PRD-0156,WH-LAG1,1,Near expiry
RET-00265,2024-08-10,ORD-2024-001936,CUS-00091,PRD-0025,WH-LAG1,18,Damaged in transit
RET-00266,2026-04-29,ORD-2026-049092,CUS-01086,PRD-0111,WH-IBD,2,Near expiry
RET-00267,2025-08-21,ORD-2025-029670,CUS-02445,PRD-0098,WH-LAG2,1,Near expiry
RET-00268,2024-10-17,ORD-2024-006877,CUS-01419,PRD-0156,WH-LAG1,8,Customer overstock
RET-00269,2026-02-05,ORD-2026-043682,CUS-01103,PRD-0004,WH-LAG1,1,Customer overstock
RET-00270,2024-07-14,ORD-2024-000176,CUS-02077,PRD-0085,WH-LAG2,10,Customer overstock
RET-00271,2025-08-07,ORD-2025-028990,CUS-02243,PRD-0090,WH-ABJ,3,Wrong item
RET-00272,2024-11-28,ORD-2024-010865,CUS-01112,PRD-0118,WH-ABJ,6,Wrong item
RET-00273,2025-02-07,ORD-2025-016660,CUS-00781,PRD-0125,WH-LAG1,2,Wrong item
RET-00274,2026-04-08,ORD-2026-047173,CUS-01421,PRD-0123,WH-LAG1,7,Wrong item
RET-00275,2024-07-21,ORD-2024-000665,CUS-00556,PRD-0142,WH-IBD,1,Near expiry
RET-00276,2025-01-23,ORD-2025-015961,CUS-01076,PRD-0109,WH-LAG1,2,Damaged in transit
RET-00277,2024-08-24,ORD-2024-003134,CUS-00653,PRD-0090,WH-LAG1,7,Customer overstock
RET-00278,2025-12-10,ORD-2025-037954,CUS-00426,PRD-0108,WH-IBD,4,Damaged in transit
RET-00279,2025-10-11,ORD-2025-033837,CUS-00817,PRD-0090,WH-LAG1,3,Near expiry
RET-00280,2024-10-04,ORD-2024-006101,CUS-02407,PRD-0105,WH-PHC,1,Damaged in transit
RET-00281,2025-01-13,ORD-2025-014917,CUS-01931,PRD-0105,WH-LAG1,11,Near expiry
RET-00282,2025-01-01,ORD-2024-013378,CUS-01819,PRD-0100,WH-LAG1,1,Wrong item
RET-00283,2026-01-28,ORD-2026-042798,CUS-01611,PRD-0121,WH-LAG1,5,Wrong item
RET-00284,2025-04-30,ORD-2025-022094,CUS-02393,PRD-0090,WH-LAG2,4,Near expiry
RET-00285,2026-02-14,ORD-2026-044172,CUS-01116,PRD-0098,WH-LAG1,4,Wrong item
RET-00286,2024-08-20,ORD-2024-003053,CUS-02030,PRD-0049,WH-IBD,1,Damaged in transit
RET-00287,2024-10-05,ORD-2024-006524,CUS-01417,PRD-0076,WH-LAG1,2,Damaged in transit
RET-00288,2024-11-02,ORD-2024-008340,CUS-02387,PRD-0016,WH-PHC,2,Wrong item
RET-00289,2025-11-14,ORD-2025-035945,CUS-02398,PRD-0007,WH-LAG1,1,Damaged in transit
RET-00290,2024-07-30,ORD-2024-001639,CUS-00806,PRD-0086,WH-ABJ,2,Near expiry
RET-00291,2025-02-15,ORD-2025-016731,CUS-02019,PRD-0161,WH-LAG1,5,Damaged in transit
RET-00292,2025-08-09,ORD-2025-028900,CUS-02101,PRD-0009,WH-LAG1,4,Wrong item
RET-00293,2025-11-01,ORD-2025-035007,CUS-00243,PRD-0004,WH-LAG2,3,Near expiry
RET-00294,2026-02-08,ORD-2026-043495,CUS-00145,PRD-0098,WH-LAG1,1,Damaged in transit
RET-00295,2024-08-24,ORD-2024-002935,CUS-01542,PRD-0090,WH-LAG1,21,Customer overstock
RET-00296,2025-10-10,ORD-2025-033415,CUS-01192,PRD-0105,WH-LAG1,3,Wrong item
RET-00297,2025-05-11,ORD-2025-023337,CUS-00495,PRD-0090,WH-LAG1,3,Wrong item
RET-00298,2026-05-08,ORD-2026-050079,CUS-01466,PRD-0161,WH-PHC,2,Wrong item
RET-00299,2024-12-16,ORD-2024-012111,CUS-02445,PRD-0125,WH-LAG1,12,Customer overstock
RET-00300,2024-10-04,ORD-2024-005714,CUS-00194,PRD-0098,WH-LAG1,7,Customer overstock
RET-00301,2025-11-12,ORD-2025-036343,CUS-00192,PRD-0048,WH-LAG1,2,Customer overstock
RET-00302,2026-05-28,ORD-2026-051625,CUS-02110,PRD-0100,WH-LAG1,1,Near expiry
RET-00303,2025-10-05,ORD-2025-032855,CUS-01562,PRD-0160,WH-LAG1,1,Customer overstock
RET-00304,2026-04-29,ORD-2026-049336,CUS-02193,PRD-0077,WH-ABJ,5,Damaged in transit
RET-00305,2026-04-08,ORD-2026-047353,CUS-01625,PRD-0012,WH-LAG2,3,Customer overstock
RET-00306,2025-07-23,ORD-2025-028388,CUS-02438,PRD-0031,WH-LAG2,26,Wrong item
RET-00307,2025-01-27,ORD-2025-015855,CUS-01839,PRD-0005,WH-LAG1,8,Near expiry
RET-00308,2024-07-04,ORD-2024-000075,CUS-01962,PRD-0151,WH-IBD,3,Customer overstock
RET-00309,2026-02-24,ORD-2026-044706,CUS-00961,PRD-0161,WH-LAG1,4,Near expiry
RET-00310,2024-12-30,ORD-2024-013321,CUS-00166,PRD-0026,WH-LAG2,1,Near expiry
RET-00311,2025-10-22,ORD-2025-034264,CUS-01826,PRD-0067,WH-LAG1,5,Damaged in transit
RET-00312,2025-12-06,ORD-2025-037563,CUS-02214,PRD-0120,WH-PHC,2,Near expiry
RET-00313,2026-04-02,ORD-2026-046951,CUS-01880,PRD-0132,WH-PHC,4,Near expiry
RET-00314,2025-11-28,ORD-2025-037224,CUS-02339,PRD-0070,WH-PHC,7,Damaged in transit
RET-00315,2024-12-19,ORD-2024-012064,CUS-01047,PRD-0082,WH-ABJ,13,Damaged in transit
RET-00316,2026-01-25,ORD-2026-042350,CUS-00995,PRD-0142,WH-ABJ,4,Damaged in transit
RET-00317,2025-09-27,ORD-2025-032410,CUS-00778,PRD-0083,WH-ABJ,3,Damaged in transit
RET-00318,2026-04-13,ORD-2026-047608,CUS-01319,PRD-0031,WH-PHC,7,Near expiry
RET-00319,2025-06-26,ORD-2025-026055,CUS-02374,PRD-0061,WH-LAG2,2,Customer overstock
RET-00320,2025-06-10,ORD-2025-025500,CUS-01439,PRD-0060,WH-IBD,5,Customer overstock
RET-00321,2024-12-18,ORD-2024-012639,CUS-02460,PRD-0121,WH-LAG1,1,Near expiry
RET-00322,2024-10-12,ORD-2024-006211,CUS-01681,PRD-0125,WH-LAG1,12,Customer overstock
RET-00323,2024-11-25,ORD-2024-009786,CUS-02098,PRD-0046,WH-PHC,2,Customer overstock
RET-00324,2024-08-27,ORD-2024-003564,CUS-01683,PRD-0085,WH-ABJ,3,Wrong item
RET-00325,2026-04-19,ORD-2026-048683,CUS-00104,PRD-0125,WH-ABJ,1,Damaged in transit
RET-00326,2026-06-19,ORD-2026-053135,CUS-00049,PRD-0057,WH-LAG1,15,Damaged in transit
RET-00327,2026-07-02,ORD-2026-053660,CUS-02390,PRD-0165,WH-LAG1,2,Wrong item
RET-00328,2025-01-04,ORD-2024-013580,CUS-00072,PRD-0004,WH-PHC,9,Near expiry
RET-00329,2025-02-09,ORD-2025-016601,CUS-01161,PRD-0077,WH-LAG1,1,Wrong item
RET-00330,2025-07-06,ORD-2025-027071,CUS-00071,PRD-0039,WH-LAG2,1,Damaged in transit
RET-00331,2025-09-19,ORD-2025-031998,CUS-01798,PRD-0125,WH-LAG1,2,Near expiry
RET-00332,2025-02-08,ORD-2025-016862,CUS-00352,PRD-0131,WH-LAG1,1,Customer overstock
RET-00333,2025-10-22,ORD-2025-034485,CUS-01519,PRD-0121,WH-LAG1,3,Wrong item
RET-00334,2025-09-12,ORD-2025-031144,CUS-01613,PRD-0142,WH-LAG2,4,Wrong item
RET-00335,2025-04-16,ORD-2025-021464,CUS-00543,PRD-0086,WH-LAG1,7,Wrong item
RET-00336,2024-10-10,ORD-2024-006244,CUS-01618,PRD-0046,WH-LAG1,1,Damaged in transit
RET-00337,2026-05-21,ORD-2026-050575,CUS-01477,PRD-0135,WH-PHC,4,Damaged in transit
RET-00338,2024-12-18,ORD-2024-012238,CUS-01587,PRD-0145,WH-LAG1,1,Wrong item
RET-00339,2026-02-19,ORD-2026-044116,CUS-00755,PRD-0125,WH-LAG1,12,Damaged in transit
RET-00340,2026-01-15,ORD-2026-042219,CUS-00050,PRD-0033,WH-LAG2,2,Wrong item
RET-00341,2024-08-28,ORD-2024-003311,CUS-00471,PRD-0090,WH-PHC,2,Wrong item
RET-00342,2025-04-30,ORD-2025-022429,CUS-01534,PRD-0019,WH-LAG1,1,Wrong item
RET-00343,2025-06-14,ORD-2025-025308,CUS-01970,PRD-0108,WH-LAG2,2,Damaged in transit
RET-00344,2026-02-16,ORD-2026-043823,CUS-01342,PRD-0013,WH-LAG1,1,Customer overstock
RET-00345,2026-04-10,ORD-2026-047517,CUS-02227,PRD-0158,WH-PHC,6,Customer overstock
RET-00346,2025-12-22,ORD-2025-039197,CUS-00610,PRD-0100,WH-IBD,4,Wrong item
RET-00347,2025-06-07,ORD-2025-025286,CUS-00081,PRD-0057,WH-IBD,2,Near expiry
RET-00348,2025-06-21,ORD-2025-025505,CUS-02480,PRD-0077,WH-PHC,4,Near expiry
RET-00349,2025-07-03,ORD-2025-026902,CUS-01538,PRD-0094,WH-PHC,2,Damaged in transit
RET-00350,2025-12-21,ORD-2025-039812,CUS-01703,PRD-0101,WH-ABJ,5,Damaged in transit
RET-00351,2026-05-09,ORD-2026-049811,CUS-00343,PRD-0034,WH-LAG2,1,Near expiry
RET-00352,2026-03-27,ORD-2026-047058,CUS-00463,PRD-0004,WH-PHC,3,Damaged in transit
RET-00353,2026-03-16,ORD-2026-046150,CUS-01249,PRD-0024,WH-LAG1,10,Wrong item
RET-00354,2026-03-09,ORD-2026-045499,CUS-01030,PRD-0020,WH-LAG1,3,Wrong item
RET-00355,2025-12-28,ORD-2025-040673,CUS-00037,PRD-0039,WH-LAG2,1,Wrong item
RET-00356,2025-11-23,ORD-2025-037323,CUS-00524,PRD-0090,WH-LAG1,7,Wrong item
RET-00357,2025-03-26,ORD-2025-019416,CUS-01299,PRD-0167,WH-LAG1,1,Wrong item
RET-00358,2026-04-23,ORD-2026-048630,CUS-00657,PRD-0039,WH-ABJ,17,Customer overstock
RET-00359,2025-03-12,ORD-2025-018455,CUS-01572,PRD-0101,WH-LAG1,5,Damaged in transit
RET-00360,2025-03-16,ORD-2025-019064,CUS-00249,PRD-0072,WH-IBD,2,Customer overstock
RET-00361,2024-09-25,ORD-2024-005220,CUS-00004,PRD-0007,WH-LAG1,7,Near expiry
RET-00362,2026-05-11,ORD-2026-049952,CUS-00398,PRD-0090,WH-LAG1,2,Near expiry
RET-00363,2024-11-03,ORD-2024-008837,CUS-01556,PRD-0083,WH-LAG1,4,Near expiry
RET-00364,2026-02-15,ORD-2026-044216,CUS-00513,PRD-0064,WH-LAG1,1,Customer overstock
RET-00365,2025-07-05,ORD-2025-026476,CUS-01564,PRD-0009,WH-LAG1,18,Near expiry
RET-00366,2025-08-23,ORD-2025-030344,CUS-01433,PRD-0095,WH-LAG1,1,Customer overstock
RET-00367,2026-06-14,ORD-2026-052439,CUS-00645,PRD-0083,WH-LAG1,3,Wrong item
RET-00368,2025-04-27,ORD-2025-022286,CUS-01488,PRD-0064,WH-LAG1,5,Customer overstock
RET-00369,2025-12-29,ORD-2025-040960,CUS-01079,PRD-0108,WH-LAG1,5,Customer overstock
RET-00370,2026-05-18,ORD-2026-050251,CUS-01887,PRD-0164,WH-ABJ,2,Damaged in transit
RET-00371,2026-02-04,ORD-2026-043595,CUS-01003,PRD-0121,WH-PHC,1,Wrong item
RET-00372,2025-03-11,ORD-2025-018714,CUS-01829,PRD-0039,WH-IBD,2,Near expiry
RET-00373,2024-10-13,ORD-2024-007170,CUS-00770,PRD-0018,WH-PHC,1,Near expiry
RET-00374,2026-04-25,ORD-2026-049194,CUS-00955,PRD-0125,WH-LAG1,1,Near expiry
RET-00375,2025-11-20,ORD-2025-036253,CUS-00406,PRD-0080,WH-PHC,1,Damaged in transit
RET-00376,2026-03-20,ORD-2026-046341,CUS-01028,PRD-0086,WH-LAG1,3,Customer overstock
RET-00377,2025-12-22,ORD-2025-039815,CUS-00698,PRD-0103,WH-LAG2,3,Wrong item
RET-00378,2025-08-05,ORD-2025-028728,CUS-01471,PRD-0165,WH-PHC,2,Near expiry
RET-00379,2024-09-15,ORD-2024-005053,CUS-01759,PRD-0062,WH-IBD,5,Customer overstock
RET-00380,2025-08-10,ORD-2025-029565,CUS-00694,PRD-0004,WH-LAG2,2,Customer overstock
RET-00381,2024-08-14,ORD-2024-002344,CUS-01925,PRD-0102,WH-LAG1,5,Wrong item
RET-00382,2026-07-02,ORD-2026-053781,CUS-01339,PRD-0102,WH-LAG1,3,Damaged in transit
RET-00383,2026-03-15,ORD-2026-045470,CUS-01662,PRD-0142,WH-IBD,10,Damaged in transit
RET-00384,2026-04-29,ORD-2026-049400,CUS-01035,PRD-0156,WH-LAG1,6,Customer overstock
RET-00385,2025-05-07,ORD-2025-023088,CUS-01011,PRD-0090,WH-LAG1,9,Near expiry
RET-00386,2025-12-10,ORD-2025-038733,CUS-02138,PRD-0011,WH-PHC,3,Near expiry
RET-00387,2025-06-25,ORD-2025-026069,CUS-00269,PRD-0085,WH-LAG2,5,Near expiry
RET-00388,2026-02-13,ORD-2026-043666,CUS-00688,PRD-0147,WH-ABJ,1,Near expiry
RET-00389,2025-11-25,ORD-2025-036832,CUS-01775,PRD-0077,WH-LAG1,2,Near expiry
RET-00390,2025-10-02,ORD-2025-033250,CUS-01378,PRD-0118,WH-PHC,3,Customer overstock
RET-00391,2025-06-08,ORD-2025-025107,CUS-01177,PRD-0145,WH-ABJ,1,Wrong item
RET-00392,2024-08-01,ORD-2024-001464,CUS-00970,PRD-0027,WH-LAG1,2,Customer overstock
RET-00393,2024-12-25,ORD-2024-013357,CUS-00922,PRD-0078,WH-ABJ,6,Damaged in transit
RET-00394,2024-08-01,ORD-2024-001495,CUS-02162,PRD-0090,WH-LAG1,8,Wrong item
RET-00395,2026-07-01,ORD-2026-053453,CUS-00497,PRD-0083,WH-LAG2,7,Wrong item
RET-00396,2026-01-23,ORD-2026-042666,CUS-01355,PRD-0046,WH-LAG2,1,Near expiry
RET-00397,2025-01-03,ORD-2024-013876,CUS-00850,PRD-0090,WH-ABJ,2,Near expiry
RET-00398,2025-01-21,ORD-2025-015435,CUS-01795,PRD-0077,WH-ABJ,4,Near expiry
RET-00399,2026-05-09,ORD-2026-049993,CUS-00316,PRD-0170,WH-ABJ,10,Damaged in transit
RET-00400,2025-05-26,ORD-2025-024240,CUS-01412,PRD-0004,WH-ABJ,6,Near expiry
RET-00401,2024-07-11,ORD-2024-000310,CUS-01511,PRD-0037,WH-PHC,1,Near expiry
RET-00402,2024-12-14,ORD-2024-011435,CUS-02488,PRD-0121,WH-LAG1,2,Wrong item
RET-00403,2026-01-28,ORD-2026-042971,CUS-00443,PRD-0083,WH-LAG1,4,Damaged in transit
RET-00404,2026-03-28,ORD-2026-047196,CUS-00087,PRD-0153,WH-LAG1,7,Customer overstock
RET-00405,2025-08-21,ORD-2025-029606,CUS-02059,PRD-0162,WH-IBD,2,Customer overstock
RET-00406,2025-10-06,ORD-2025-033034,CUS-01401,PRD-0032,WH-PHC,14,Wrong item
RET-00407,2024-10-30,ORD-2024-008302,CUS-01314,PRD-0138,WH-PHC,4,Wrong item
RET-00408,2025-12-29,ORD-2025-040013,CUS-02366,PRD-0017,WH-ABJ,6,Wrong item
RET-00409,2025-01-19,ORD-2025-015225,CUS-01447,PRD-0151,WH-IBD,5,Wrong item
RET-00410,2024-08-11,ORD-2024-002651,CUS-00155,PRD-0128,WH-ABJ,2,Damaged in transit
RET-00411,2025-09-26,ORD-2025-032660,CUS-01232,PRD-0090,WH-LAG2,3,Damaged in transit
RET-00412,2025-06-28,ORD-2025-026385,CUS-01408,PRD-0058,WH-LAG1,11,Customer overstock
RET-00413,2025-04-18,ORD-2025-021218,CUS-01245,PRD-0141,WH-IBD,1,Near expiry
RET-00414,2024-12-28,ORD-2024-013359,CUS-02197,PRD-0079,WH-LAG1,4,Wrong item
RET-00415,2025-07-12,ORD-2025-027181,CUS-01161,PRD-0151,WH-LAG2,6,Damaged in transit
RET-00416,2025-02-23,ORD-2025-017929,CUS-00919,PRD-0064,WH-IBD,24,Near expiry
RET-00417,2026-06-17,ORD-2026-053010,CUS-00650,PRD-0090,WH-LAG1,4,Damaged in transit
RET-00418,2026-02-23,ORD-2026-044263,CUS-01055,PRD-0151,WH-PHC,3,Near expiry
RET-00419,2025-11-15,ORD-2025-035770,CUS-01776,PRD-0086,WH-LAG2,2,Wrong item
RET-00420,2024-08-17,ORD-2024-002879,CUS-00053,PRD-0125,WH-LAG2,3,Near expiry
RET-00421,2024-11-04,ORD-2024-008743,CUS-02225,PRD-0093,WH-ABJ,20,Damaged in transit
RET-00422,2025-11-04,ORD-2025-035550,CUS-01892,PRD-0067,WH-LAG1,5,Wrong item
RET-00423,2026-04-22,ORD-2026-048564,CUS-01553,PRD-0090,WH-LAG2,2,Near expiry
RET-00424,2026-04-29,ORD-2026-049449,CUS-01901,PRD-0117,WH-LAG1,12,Wrong item
RET-00425,2025-12-15,ORD-2025-039131,CUS-01253,PRD-0161,WH-LAG1,2,Customer overstock
RET-00426,2025-09-09,ORD-2025-031209,CUS-01229,PRD-0090,WH-LAG2,4,Customer overstock
RET-00427,2025-06-09,ORD-2025-025062,CUS-00475,PRD-0077,WH-IBD,13,Wrong item
RET-00428,2025-03-20,ORD-2025-019178,CUS-02405,PRD-0118,WH-ABJ,1,Customer overstock
RET-00429,2026-01-22,ORD-2026-042476,CUS-00055,PRD-0151,WH-ABJ,1,Customer overstock
RET-00430,2026-04-04,ORD-2026-046964,CUS-01480,PRD-0161,WH-ABJ,1,Wrong item
RET-00431,2025-05-15,ORD-2025-023496,CUS-01762,PRD-0004,WH-ABJ,8,Customer overstock
RET-00432,2025-01-29,ORD-2025-015772,CUS-00255,PRD-0165,WH-ABJ,3,Damaged in transit
RET-00433,2026-03-06,ORD-2026-044944,CUS-00402,PRD-0002,WH-IBD,3,Damaged in transit
RET-00434,2025-10-21,ORD-2025-034604,CUS-00872,PRD-0039,WH-LAG2,1,Near expiry
RET-00435,2025-03-09,ORD-2025-018561,CUS-02441,PRD-0018,WH-ABJ,20,Customer overstock
RET-00436,2025-08-26,ORD-2025-030137,CUS-01540,PRD-0135,WH-LAG1,3,Customer overstock
RET-00437,2025-11-13,ORD-2025-036606,CUS-01720,PRD-0165,WH-PHC,3,Customer overstock
RET-00438,2026-03-20,ORD-2026-046431,CUS-01625,PRD-0090,WH-LAG1,2,Damaged in transit
RET-00439,2026-03-13,ORD-2026-045390,CUS-01805,PRD-0153,WH-PHC,3,Damaged in transit
RET-00440,2026-04-30,ORD-2026-049492,CUS-02468,PRD-0060,WH-LAG1,2,Damaged in transit
RET-00441,2026-05-04,ORD-2026-049005,CUS-01481,PRD-0090,WH-PHC,4,Damaged in transit
RET-00442,2025-09-18,ORD-2025-032269,CUS-01294,PRD-0106,WH-LAG1,1,Customer overstock
RET-00443,2026-01-12,ORD-2026-041542,CUS-01557,PRD-0108,WH-ABJ,8,Wrong item
RET-00444,2025-06-22,ORD-2025-025756,CUS-01279,PRD-0081,WH-ABJ,9,Customer overstock
RET-00445,2026-04-23,ORD-2026-048592,CUS-00892,PRD-0126,WH-LAG2,7,Customer overstock
RET-00446,2026-05-13,ORD-2026-049792,CUS-00657,PRD-0136,WH-ABJ,4,Wrong item
RET-00447,2025-11-04,ORD-2025-035175,CUS-01511,PRD-0139,WH-PHC,5,Near expiry
RET-00448,2026-02-08,ORD-2026-043469,CUS-01894,PRD-0161,WH-ABJ,2,Customer overstock
RET-00449,2026-03-10,ORD-2026-045091,CUS-02270,PRD-0004,WH-LAG1,12,Wrong item
RET-00450,2025-12-25,ORD-2025-040368,CUS-01613,PRD-0090,WH-LAG1,23,Near expiry
RET-00451,2024-12-11,ORD-2024-012077,CUS-02092,PRD-0090,WH-PHC,6,Wrong item
RET-00452,2024-08-19,ORD-2024-002827,CUS-01297,PRD-0004,WH-LAG1,3,Damaged in transit
RET-00453,2024-07-21,ORD-2024-001267,CUS-00380,PRD-0090,WH-LAG1,9,Customer overstock
RET-00454,2025-07-14,ORD-2025-027629,CUS-01144,PRD-0165,WH-LAG1,2,Damaged in transit
RET-00455,2025-08-31,ORD-2025-030195,CUS-02297,PRD-0090,WH-LAG1,2,Damaged in transit
RET-00456,2024-08-04,ORD-2024-001616,CUS-02431,PRD-0018,WH-IBD,7,Near expiry
RET-00457,2026-04-25,ORD-2026-049174,CUS-02311,PRD-0090,WH-PHC,2,Customer overstock
RET-00458,2026-05-02,ORD-2026-049312,CUS-00790,PRD-0033,WH-PHC,1,Near expiry
RET-00459,2025-06-29,ORD-2025-026711,CUS-00680,PRD-0161,WH-LAG1,12,Damaged in transit
RET-00460,2025-10-14,ORD-2025-033314,CUS-00701,PRD-0083,WH-ABJ,2,Customer overstock
RET-00461,2024-11-22,ORD-2024-009557,CUS-00219,PRD-0109,WH-ABJ,3,Customer overstock
RET-00462,2024-08-03,ORD-2024-002105,CUS-02285,PRD-0085,WH-LAG1,1,Damaged in transit
RET-00463,2025-04-09,ORD-2025-020489,CUS-00559,PRD-0057,WH-LAG1,6,Customer overstock
RET-00464,2025-01-21,ORD-2025-015848,CUS-02026,PRD-0160,WH-ABJ,2,Wrong item
RET-00465,2024-12-05,ORD-2024-011285,CUS-01480,PRD-0103,WH-ABJ,4,Near expiry
RET-00466,2025-05-08,ORD-2025-022948,CUS-01591,PRD-0002,WH-LAG2,3,Customer overstock
RET-00467,2025-11-20,ORD-2025-036597,CUS-00879,PRD-0158,WH-LAG1,5,Customer overstock
RET-00468,2025-08-01,ORD-2025-028306,CUS-00774,PRD-0041,WH-LAG1,12,Near expiry
RET-00469,2024-11-07,ORD-2024-008658,CUS-01600,PRD-0103,WH-ABJ,6,Customer overstock
RET-00470,2025-06-26,ORD-2025-026604,CUS-01039,PRD-0086,WH-LAG2,4,Wrong item
RET-00471,2026-01-24,ORD-2026-042846,CUS-01854,PRD-0086,WH-LAG1,2,Damaged in transit
RET-00472,2025-12-10,ORD-2025-038171,CUS-01248,PRD-0090,WH-LAG1,2,Wrong item
RET-00473,2026-03-07,ORD-2026-045659,CUS-01501,PRD-0018,WH-IBD,2,Near expiry
RET-00474,2025-12-23,ORD-2025-040088,CUS-00646,PRD-0120,WH-LAG2,9,Wrong item
RET-00475,2025-07-24,ORD-2025-027837,CUS-00659,PRD-0033,WH-IBD,7,Customer overstock
RET-00476,2024-10-28,ORD-2024-008034,CUS-00974,PRD-0125,WH-LAG1,7,Damaged in transit
RET-00477,2026-03-18,ORD-2026-046302,CUS-01686,PRD-0145,WH-LAG1,2,Customer overstock
RET-00478,2024-12-04,ORD-2024-011119,CUS-02205,PRD-0040,WH-ABJ,4,Near expiry
RET-00479,2024-08-03,ORD-2024-001980,CUS-01861,PRD-0092,WH-LAG1,1,Damaged in transit
RET-00480,2024-07-21,ORD-2024-001126,CUS-00976,PRD-0135,WH-PHC,1,Wrong item
RET-00481,2024-10-23,ORD-2024-007262,CUS-00410,PRD-0039,WH-PHC,3,Customer overstock
RET-00482,2025-12-28,ORD-2025-040562,CUS-00098,PRD-0045,WH-LAG1,16,Near expiry
RET-00483,2025-08-14,ORD-2025-029656,CUS-00566,PRD-0076,WH-LAG2,3,Near expiry
RET-00484,2026-04-25,ORD-2026-048887,CUS-00816,PRD-0021,WH-ABJ,14,Wrong item
RET-00485,2025-12-19,ORD-2025-039722,CUS-01705,PRD-0151,WH-LAG1,8,Near expiry
RET-00486,2024-08-24,ORD-2024-003313,CUS-01194,PRD-0093,WH-LAG1,3,Wrong item
RET-00487,2026-03-16,ORD-2026-045729,CUS-00082,PRD-0128,WH-PHC,2,Near expiry
RET-00488,2025-04-30,ORD-2025-022335,CUS-02118,PRD-0165,WH-LAG2,2,Damaged in transit
RET-00489,2024-11-01,ORD-2024-007840,CUS-00067,PRD-0083,WH-LAG1,1,Damaged in transit
RET-00490,2025-10-03,ORD-2025-033147,CUS-00855,PRD-0074,WH-LAG1,1,Damaged in transit
RET-00491,2025-11-01,ORD-2025-035095,CUS-01203,PRD-0160,WH-PHC,1,Near expiry
RET-00492,2025-09-07,ORD-2025-031372,CUS-01111,PRD-0090,WH-PHC,3,Customer overstock
RET-00493,2024-09-06,ORD-2024-004086,CUS-01418,PRD-0157,WH-IBD,12,Customer overstock
RET-00494,2024-10-05,ORD-2024-005769,CUS-02383,PRD-0025,WH-PHC,4,Customer overstock
RET-00495,2026-06-17,ORD-2026-052466,CUS-00263,PRD-0122,WH-LAG1,5,Damaged in transit
RET-00496,2026-05-10,ORD-2026-049992,CUS-00314,PRD-0170,WH-IBD,2,Wrong item
RET-00497,2026-05-05,ORD-2026-049584,CUS-00479,PRD-0081,WH-LAG1,1,Customer overstock
RET-00498,2025-04-20,ORD-2025-021644,CUS-00974,PRD-0130,WH-LAG2,11,Wrong item
RET-00499,2025-03-30,ORD-2025-019766,CUS-01177,PRD-0135,WH-ABJ,1,Customer overstock
RET-00500,2025-12-21,ORD-2025-040138,CUS-01540,PRD-0011,WH-IBD,1,Customer overstock
RET-00501,2026-05-10,ORD-2026-049714,CUS-00696,PRD-0135,WH-LAG1,1,Damaged in transit
RET-00502,2024-11-16,ORD-2024-009438,CUS-00054,PRD-0131,WH-PHC,1,Customer overstock
RET-00503,2024-07-17,ORD-2024-000955,CUS-01061,PRD-0131,WH-LAG2,4,Wrong item
RET-00504,2024-12-28,ORD-2024-013410,CUS-02476,PRD-0135,WH-IBD,1,Near expiry
RET-00505,2026-04-19,ORD-2026-048183,CUS-02425,PRD-0118,WH-LAG1,3,Damaged in transit
RET-00506,2024-10-21,ORD-2024-007272,CUS-01475,PRD-0057,WH-IBD,2,Damaged in transit
RET-00507,2026-04-19,ORD-2026-048025,CUS-01310,PRD-0125,WH-IBD,4,Customer overstock
RET-00508,2025-12-09,ORD-2025-038899,CUS-02101,PRD-0072,WH-LAG1,1,Wrong item
RET-00509,2024-08-09,ORD-2024-002598,CUS-00764,PRD-0166,WH-ABJ,2,Customer overstock
RET-00510,2024-12-28,ORD-2024-013275,CUS-01552,PRD-0145,WH-LAG1,2,Near expiry
RET-00511,2024-09-09,ORD-2024-003956,CUS-02024,PRD-0023,WH-LAG2,6,Wrong item
RET-00512,2025-03-24,ORD-2025-019658,CUS-02002,PRD-0090,WH-PHC,14,Near expiry
RET-00513,2025-11-23,ORD-2025-037396,CUS-01501,PRD-0028,WH-LAG1,22,Wrong item
RET-00514,2026-04-05,ORD-2026-047708,CUS-00617,PRD-0082,WH-PHC,2,Wrong item
RET-00515,2025-10-16,ORD-2025-033829,CUS-02333,PRD-0079,WH-LAG2,9,Near expiry
RET-00516,2024-07-11,ORD-2024-000305,CUS-01581,PRD-0011,WH-PHC,13,Near expiry
RET-00517,2025-09-09,ORD-2025-031614,CUS-01838,PRD-0113,WH-ABJ,11,Near expiry
RET-00518,2026-02-09,ORD-2026-043491,CUS-00232,PRD-0090,WH-LAG1,3,Customer overstock
RET-00519,2026-06-26,ORD-2026-053621,CUS-01892,PRD-0100,WH-LAG2,3,Damaged in transit
RET-00520,2024-12-30,ORD-2024-013910,CUS-01494,PRD-0142,WH-LAG1,1,Customer overstock
RET-00521,2025-03-17,ORD-2025-019087,CUS-01954,PRD-0109,WH-ABJ,10,Wrong item
RET-00522,2024-07-25,ORD-2024-001506,CUS-00919,PRD-0093,WH-LAG1,10,Customer overstock
RET-00523,2025-08-20,ORD-2025-029850,CUS-01044,PRD-0001,WH-ABJ,11,Wrong item
RET-00524,2025-07-24,ORD-2025-027896,CUS-01454,PRD-0093,WH-LAG2,3,Customer overstock
RET-00525,2024-08-05,ORD-2024-002215,CUS-00786,PRD-0165,WH-PHC,1,Wrong item
RET-00526,2025-07-02,ORD-2025-027049,CUS-02056,PRD-0161,WH-IBD,5,Near expiry
RET-00527,2025-04-06,ORD-2025-020881,CUS-00033,PRD-0161,WH-ABJ,1,Customer overstock
RET-00528,2025-01-03,ORD-2024-014196,CUS-02407,PRD-0154,WH-PHC,2,Customer overstock
RET-00529,2025-10-21,ORD-2025-034075,CUS-01303,PRD-0016,WH-PHC,5,Damaged in transit
RET-00530,2025-05-06,ORD-2025-022898,CUS-02450,PRD-0120,WH-PHC,3,Damaged in transit
RET-00531,2026-02-10,ORD-2026-043963,CUS-02487,PRD-0076,WH-IBD,6,Customer overstock
RET-00532,2025-10-14,ORD-2025-033930,CUS-00852,PRD-0118,WH-ABJ,3,Near expiry
RET-00533,2026-01-04,ORD-2026-041692,CUS-02099,PRD-0120,WH-LAG2,3,Damaged in transit
RET-00534,2024-12-11,ORD-2024-011574,CUS-01718,PRD-0108,WH-IBD,4,Wrong item
RET-00535,2025-10-05,ORD-2025-033062,CUS-01760,PRD-0090,WH-LAG1,2,Wrong item
RET-00536,2025-12-29,ORD-2025-040370,CUS-00438,PRD-0090,WH-ABJ,9,Near expiry
RET-00537,2024-12-19,ORD-2024-012073,CUS-01782,PRD-0090,WH-LAG2,1,Damaged in transit
RET-00538,2024-12-08,ORD-2024-011474,CUS-00591,PRD-0160,WH-LAG1,1,Near expiry
RET-00539,2024-10-13,ORD-2024-006421,CUS-00028,PRD-0047,WH-LAG1,1,Damaged in transit
RET-00540,2025-07-01,ORD-2025-026415,CUS-00411,PRD-0121,WH-ABJ,9,Near expiry
RET-00541,2026-03-13,ORD-2026-045389,CUS-00797,PRD-0152,WH-LAG1,7,Wrong item
RET-00542,2024-12-02,ORD-2024-010600,CUS-00311,PRD-0100,WH-PHC,2,Damaged in transit
RET-00543,2024-11-17,ORD-2024-009692,CUS-01947,PRD-0024,WH-ABJ,6,Wrong item
RET-00544,2026-04-02,ORD-2026-047010,CUS-01351,PRD-0090,WH-PHC,4,Customer overstock
RET-00545,2026-06-09,ORD-2026-052281,CUS-01892,PRD-0090,WH-IBD,3,Wrong item
RET-00546,2026-05-08,ORD-2026-049531,CUS-01208,PRD-0122,WH-LAG1,2,Damaged in transit
RET-00547,2025-10-08,ORD-2025-033709,CUS-01913,PRD-0153,WH-LAG2,10,Damaged in transit
RET-00548,2026-02-13,ORD-2026-044077,CUS-02356,PRD-0061,WH-LAG2,4,Damaged in transit
RET-00549,2025-03-25,ORD-2025-020000,CUS-01576,PRD-0064,WH-LAG1,9,Near expiry
RET-00550,2025-09-13,ORD-2025-031445,CUS-01811,PRD-0090,WH-ABJ,9,Near expiry
RET-00551,2025-12-21,ORD-2025-040242,CUS-00847,PRD-0146,WH-ABJ,2,Wrong item
RET-00552,2024-12-19,ORD-2024-012698,CUS-01893,PRD-0057,WH-ABJ,6,Customer overstock
RET-00553,2026-02-22,ORD-2026-044253,CUS-01962,PRD-0128,WH-LAG2,9,Customer overstock
RET-00554,2025-06-22,ORD-2025-025982,CUS-00314,PRD-0068,WH-LAG2,1,Damaged in transit
RET-00555,2024-11-21,ORD-2024-010309,CUS-01531,PRD-0129,WH-LAG1,4,Near expiry
RET-00556,2026-06-11,ORD-2026-052341,CUS-02277,PRD-0090,WH-IBD,6,Near expiry
RET-00557,2024-10-09,ORD-2024-006180,CUS-01552,PRD-0085,WH-IBD,1,Wrong item
RET-00558,2025-05-04,ORD-2025-022530,CUS-02373,PRD-0023,WH-ABJ,5,Customer overstock
RET-00559,2025-07-25,ORD-2025-028317,CUS-01241,PRD-0077,WH-LAG1,1,Damaged in transit
RET-00560,2025-02-01,ORD-2025-015968,CUS-01146,PRD-0122,WH-LAG1,8,Customer overstock
RET-00561,2024-07-12,ORD-2024-000146,CUS-01678,PRD-0151,WH-LAG2,4,Wrong item
RET-00562,2024-10-17,ORD-2024-007235,CUS-00462,PRD-0115,WH-LAG2,8,Damaged in transit
RET-00563,2025-12-15,ORD-2025-039544,CUS-02047,PRD-0103,WH-PHC,3,Wrong item
RET-00564,2024-07-26,ORD-2024-001436,CUS-00285,PRD-0120,WH-LAG1,3,Wrong item
RET-00565,2025-06-05,ORD-2025-024549,CUS-01633,PRD-0090,WH-LAG1,4,Near expiry
RET-00566,2026-03-01,ORD-2026-044695,CUS-02159,PRD-0151,WH-PHC,1,Near expiry
RET-00567,2024-12-01,ORD-2024-010810,CUS-00587,PRD-0028,WH-IBD,7,Customer overstock
RET-00568,2025-05-18,ORD-2025-023410,CUS-00702,PRD-0019,WH-PHC,1,Damaged in transit
RET-00569,2026-03-17,ORD-2026-046298,CUS-00899,PRD-0118,WH-IBD,1,Customer overstock
RET-00570,2025-02-23,ORD-2025-017591,CUS-00875,PRD-0090,WH-LAG1,1,Wrong item
RET-00571,2024-09-26,ORD-2024-005343,CUS-00743,PRD-0090,WH-LAG1,1,Wrong item
RET-00572,2026-05-06,ORD-2026-049232,CUS-02363,PRD-0033,WH-PHC,4,Damaged in transit
RET-00573,2025-10-30,ORD-2025-035037,CUS-00513,PRD-0077,WH-LAG1,1,Damaged in transit
RET-00574,2025-04-28,ORD-2025-022372,CUS-00090,PRD-0108,WH-ABJ,1,Wrong item
RET-00575,2026-02-05,ORD-2026-043645,CUS-00857,PRD-0085,WH-LAG1,4,Damaged in transit
RET-00576,2024-07-20,ORD-2024-001010,CUS-00599,PRD-0086,WH-LAG1,6,Damaged in transit
RET-00577,2025-01-05,ORD-2024-014108,CUS-00853,PRD-0067,WH-ABJ,9,Near expiry
RET-00578,2024-12-28,ORD-2024-012850,CUS-00171,PRD-0078,WH-ABJ,1,Near expiry
RET-00579,2024-10-27,ORD-2024-008181,CUS-01445,PRD-0083,WH-IBD,1,Near expiry
RET-00580,2025-09-25,ORD-2025-032186,CUS-00383,PRD-0090,WH-PHC,4,Near expiry
RET-00581,2024-10-01,ORD-2024-006196,CUS-00537,PRD-0100,WH-LAG2,1,Damaged in transit
RET-00582,2026-05-16,ORD-2026-050400,CUS-00494,PRD-0121,WH-IBD,2,Near expiry
RET-00583,2024-08-17,ORD-2024-002492,CUS-01416,PRD-0100,WH-IBD,1,Wrong item
RET-00584,2024-08-04,ORD-2024-001906,CUS-02006,PRD-0125,WH-LAG1,1,Damaged in transit
RET-00585,2026-01-02,ORD-2025-040539,CUS-00702,PRD-0165,WH-PHC,10,Near expiry
RET-00586,2024-12-19,ORD-2024-012254,CUS-00738,PRD-0153,WH-LAG2,1,Damaged in transit
RET-00587,2024-10-12,ORD-2024-006411,CUS-01633,PRD-0004,WH-LAG1,2,Near expiry
RET-00588,2024-11-05,ORD-2024-008753,CUS-01639,PRD-0106,WH-ABJ,3,Customer overstock
RET-00589,2025-05-08,ORD-2025-022863,CUS-01204,PRD-0049,WH-IBD,1,Near expiry
RET-00590,2026-01-15,ORD-2026-042103,CUS-00629,PRD-0118,WH-IBD,8,Near expiry
RET-00591,2024-07-17,ORD-2024-001012,CUS-01990,PRD-0086,WH-LAG2,2,Wrong item
RET-00592,2025-06-04,ORD-2025-024728,CUS-00605,PRD-0090,WH-PHC,3,Wrong item
RET-00593,2024-11-19,ORD-2024-010102,CUS-00998,PRD-0090,WH-LAG2,3,Damaged in transit
RET-00594,2026-06-28,ORD-2026-053196,CUS-00529,PRD-0001,WH-LAG1,2,Damaged in transit
RET-00595,2025-09-28,ORD-2025-032952,CUS-01483,PRD-0035,WH-IBD,1,Customer overstock
RET-00596,2026-05-03,ORD-2026-048973,CUS-00566,PRD-0051,WH-LAG1,4,Near expiry
RET-00597,2025-05-13,ORD-2025-023120,CUS-01120,PRD-0150,WH-LAG1,1,Customer overstock
RET-00598,2025-10-27,ORD-2025-034339,CUS-00742,PRD-0041,WH-IBD,5,Damaged in transit
RET-00599,2025-09-24,ORD-2025-032028,CUS-01982,PRD-0166,WH-LAG1,1,Near expiry
RET-00600,2025-03-19,ORD-2025-019207,CUS-00274,PRD-0163,WH-ABJ,5,Wrong item
RET-00601,2025-11-24,ORD-2025-037100,CUS-01291,PRD-0161,WH-LAG1,4,Customer overstock
RET-00602,2025-09-27,ORD-2025-032096,CUS-01018,PRD-0103,WH-LAG1,1,Customer overstock
RET-00603,2026-03-09,ORD-2026-045271,CUS-00748,PRD-0090,WH-PHC,5,Near expiry
RET-00604,2024-11-07,ORD-2024-008496,CUS-02111,PRD-0137,WH-LAG1,12,Customer overstock
RET-00605,2025-12-14,ORD-2025-038970,CUS-01607,PRD-0135,WH-PHC,3,Wrong item
RET-00606,2025-09-13,ORD-2025-031184,CUS-00614,PRD-0061,WH-ABJ,3,Wrong item
RET-00607,2026-01-28,ORD-2026-042694,CUS-00879,PRD-0090,WH-LAG2,3,Near expiry
RET-00608,2025-05-24,ORD-2025-023875,CUS-01133,PRD-0109,WH-PHC,6,Near expiry
RET-00609,2026-04-01,ORD-2026-047339,CUS-01110,PRD-0151,WH-ABJ,1,Near expiry
RET-00610,2024-07-18,ORD-2024-000932,CUS-01872,PRD-0086,WH-PHC,12,Customer overstock
RET-00611,2025-09-05,ORD-2025-031187,CUS-00642,PRD-0064,WH-ABJ,8,Near expiry
RET-00612,2025-08-01,ORD-2025-028689,CUS-01017,PRD-0064,WH-LAG1,9,Customer overstock
RET-00613,2024-11-30,ORD-2024-011081,CUS-01329,PRD-0151,WH-LAG1,1,Customer overstock
RET-00614,2026-01-12,ORD-2026-041794,CUS-01037,PRD-0125,WH-LAG1,8,Near expiry
RET-00615,2025-10-27,ORD-2025-034494,CUS-01548,PRD-0146,WH-LAG2,1,Wrong item
RET-00616,2026-03-14,ORD-2026-045912,CUS-02022,PRD-0026,WH-ABJ,12,Near expiry
RET-00617,2024-07-23,ORD-2024-000919,CUS-00951,PRD-0060,WH-PHC,3,Wrong item
RET-00618,2026-06-06,ORD-2026-051842,CUS-01645,PRD-0023,WH-IBD,2,Near expiry
RET-00619,2025-09-09,ORD-2025-031216,CUS-00883,PRD-0100,WH-LAG1,6,Damaged in transit
RET-00620,2025-02-11,ORD-2025-016976,CUS-00781,PRD-0060,WH-LAG1,1,Customer overstock
RET-00621,2025-09-16,ORD-2025-031407,CUS-01409,PRD-0009,WH-LAG1,3,Damaged in transit
RET-00622,2024-08-31,ORD-2024-003306,CUS-00053,PRD-0086,WH-IBD,1,Wrong item
RET-00623,2026-05-10,ORD-2026-049797,CUS-02110,PRD-0151,WH-IBD,3,Customer overstock
RET-00624,2024-12-27,ORD-2024-013323,CUS-00983,PRD-0031,WH-LAG1,2,Wrong item
RET-00625,2024-10-17,ORD-2024-006771,CUS-01685,PRD-0135,WH-LAG1,1,Customer overstock
RET-00626,2026-05-11,ORD-2026-050219,CUS-02264,PRD-0116,WH-ABJ,1,Near expiry
RET-00627,2026-01-08,ORD-2026-041603,CUS-00361,PRD-0090,WH-IBD,3,Damaged in transit
RET-00628,2025-02-03,ORD-2025-016223,CUS-01955,PRD-0037,WH-IBD,1,Near expiry
RET-00629,2024-10-05,ORD-2024-005873,CUS-02478,PRD-0093,WH-ABJ,1,Customer overstock
RET-00630,2025-03-02,ORD-2025-018016,CUS-00042,PRD-0078,WH-PHC,5,Wrong item
RET-00631,2025-05-01,ORD-2025-022514,CUS-00295,PRD-0153,WH-PHC,1,Wrong item
RET-00632,2026-03-09,ORD-2026-045626,CUS-00347,PRD-0120,WH-ABJ,8,Damaged in transit
RET-00633,2024-11-30,ORD-2024-010057,CUS-01371,PRD-0018,WH-LAG1,1,Damaged in transit
RET-00634,2024-10-20,ORD-2024-007701,CUS-00121,PRD-0156,WH-LAG1,10,Damaged in transit
RET-00635,2025-08-27,ORD-2025-030693,CUS-00559,PRD-0094,WH-IBD,8,Damaged in transit
RET-00636,2024-07-25,ORD-2024-001494,CUS-02348,PRD-0090,WH-LAG1,1,Near expiry
RET-00637,2024-08-28,ORD-2024-003344,CUS-00446,PRD-0160,WH-IBD,27,Near expiry
RET-00638,2025-09-25,ORD-2025-032487,CUS-01503,PRD-0086,WH-LAG1,2,Wrong item
RET-00639,2025-05-26,ORD-2025-023847,CUS-01547,PRD-0068,WH-LAG2,8,Damaged in transit
RET-00640,2025-10-20,ORD-2025-034187,CUS-01975,PRD-0084,WH-LAG1,1,Near expiry
RET-00641,2026-03-27,ORD-2026-046561,CUS-00908,PRD-0151,WH-LAG1,15,Wrong item
RET-00642,2026-02-11,ORD-2026-043768,CUS-00823,PRD-0004,WH-PHC,4,Near expiry
RET-00643,2025-04-07,ORD-2025-020890,CUS-01728,PRD-0011,WH-ABJ,15,Customer overstock
RET-00644,2025-11-22,ORD-2025-036876,CUS-01491,PRD-0151,WH-ABJ,6,Wrong item
RET-00645,2025-11-28,ORD-2025-037245,CUS-01650,PRD-0101,WH-ABJ,2,Damaged in transit
RET-00646,2025-10-12,ORD-2025-033505,CUS-00925,PRD-0138,WH-LAG1,1,Customer overstock
RET-00647,2026-03-08,ORD-2026-045609,CUS-01905,PRD-0090,WH-LAG1,3,Near expiry
RET-00648,2025-06-16,ORD-2025-025399,CUS-00157,PRD-0156,WH-IBD,1,Wrong item
RET-00649,2024-12-04,ORD-2024-010677,CUS-01815,PRD-0125,WH-ABJ,1,Wrong item
RET-00650,2024-07-13,ORD-2024-000333,CUS-01728,PRD-0083,WH-ABJ,3,Wrong item
RET-00651,2024-12-10,ORD-2024-011526,CUS-00264,PRD-0061,WH-LAG2,1,Customer overstock
RET-00652,2025-08-02,ORD-2025-028339,CUS-00931,PRD-0100,WH-LAG2,5,Customer overstock
RET-00653,2025-11-12,ORD-2025-036429,CUS-00428,PRD-0168,WH-PHC,4,Wrong item
RET-00654,2025-01-31,ORD-2025-016073,CUS-02026,PRD-0067,WH-ABJ,6,Customer overstock
RET-00655,2024-12-17,ORD-2024-012402,CUS-01681,PRD-0161,WH-LAG2,1,Customer overstock
RET-00656,2026-03-02,ORD-2026-044858,CUS-01894,PRD-0077,WH-ABJ,2,Customer overstock
RET-00657,2024-11-28,ORD-2024-010844,CUS-02360,PRD-0085,WH-LAG2,3,Wrong item
RET-00658,2026-06-27,ORD-2026-053550,CUS-00867,PRD-0122,WH-PHC,1,Wrong item
RET-00659,2025-03-21,ORD-2025-019203,CUS-01357,PRD-0151,WH-ABJ,7,Wrong item
RET-00660,2024-11-11,ORD-2024-008765,CUS-00811,PRD-0125,WH-ABJ,1,Damaged in transit
RET-00661,2026-06-26,ORD-2026-052923,CUS-00556,PRD-0090,WH-IBD,4,Near expiry
RET-00662,2025-06-02,ORD-2025-024194,CUS-02173,PRD-0083,WH-PHC,9,Customer overstock
RET-00663,2025-11-02,ORD-2025-035313,CUS-01664,PRD-0081,WH-LAG2,1,Near expiry
RET-00664,2024-10-12,ORD-2024-006859,CUS-01757,PRD-0125,WH-LAG1,4,Customer overstock
RET-00665,2026-02-07,ORD-2026-043836,CUS-02204,PRD-0047,WH-LAG2,1,Customer overstock
RET-00666,2025-10-18,ORD-2025-034496,CUS-01300,PRD-0151,WH-LAG1,22,Near expiry
RET-00667,2025-11-06,ORD-2025-035909,CUS-01098,PRD-0111,WH-IBD,3,Damaged in transit
RET-00668,2024-10-10,ORD-2024-006739,CUS-00565,PRD-0090,WH-IBD,2,Customer overstock
RET-00669,2026-01-12,ORD-2026-042122,CUS-02032,PRD-0151,WH-PHC,6,Wrong item
RET-00670,2025-11-07,ORD-2025-035888,CUS-00892,PRD-0090,WH-LAG1,11,Customer overstock
RET-00671,2025-05-10,ORD-2025-022563,CUS-00910,PRD-0090,WH-ABJ,1,Near expiry
RET-00672,2024-09-05,ORD-2024-004343,CUS-01108,PRD-0161,WH-ABJ,2,Damaged in transit
RET-00673,2026-03-15,ORD-2026-045754,CUS-02391,PRD-0037,WH-PHC,1,Near expiry
RET-00674,2025-10-24,ORD-2025-034803,CUS-02221,PRD-0004,WH-LAG2,1,Customer overstock
RET-00675,2025-06-30,ORD-2025-026916,CUS-01312,PRD-0122,WH-LAG1,15,Wrong item
RET-00676,2025-09-02,ORD-2025-030808,CUS-02335,PRD-0156,WH-LAG1,1,Damaged in transit
RET-00677,2025-06-13,ORD-2025-025291,CUS-00665,PRD-0070,WH-ABJ,3,Near expiry
RET-00678,2025-02-19,ORD-2025-017487,CUS-02141,PRD-0090,WH-ABJ,1,Damaged in transit
RET-00679,2025-11-30,ORD-2025-037641,CUS-01033,PRD-0076,WH-PHC,2,Near expiry
RET-00680,2025-03-16,ORD-2025-019399,CUS-02422,PRD-0100,WH-LAG2,1,Customer overstock
RET-00681,2024-08-30,ORD-2024-003324,CUS-02119,PRD-0118,WH-PHC,1,Wrong item
RET-00682,2026-05-25,ORD-2026-051057,CUS-01208,PRD-0151,WH-LAG2,3,Near expiry
RET-00683,2025-03-18,ORD-2025-018753,CUS-01440,PRD-0120,WH-PHC,5,Customer overstock
RET-00684,2026-05-11,ORD-2026-049975,CUS-01994,PRD-0125,WH-IBD,10,Wrong item
RET-00685,2026-04-02,ORD-2026-046802,CUS-01115,PRD-0135,WH-LAG1,10,Customer overstock
RET-00686,2025-05-20,ORD-2025-023354,CUS-00861,PRD-0098,WH-IBD,1,Near expiry
RET-00687,2025-06-11,ORD-2025-025454,CUS-02126,PRD-0161,WH-ABJ,3,Near expiry
RET-00688,2025-03-11,ORD-2025-018686,CUS-01363,PRD-0118,WH-LAG2,10,Damaged in transit
RET-00689,2025-12-27,ORD-2025-039857,CUS-02211,PRD-0157,WH-IBD,1,Customer overstock
RET-00690,2025-12-19,ORD-2025-039864,CUS-01944,PRD-0170,WH-LAG1,10,Damaged in transit
RET-00691,2026-05-09,ORD-2026-050157,CUS-01482,PRD-0156,WH-LAG2,7,Customer overstock
RET-00692,2025-10-27,ORD-2025-034527,CUS-00106,PRD-0028,WH-IBD,11,Customer overstock
RET-00693,2024-12-08,ORD-2024-011290,CUS-01319,PRD-0109,WH-PHC,5,Damaged in transit
RET-00694,2026-03-02,ORD-2026-045203,CUS-00598,PRD-0090,WH-LAG1,1,Near expiry
RET-00695,2025-04-13,ORD-2025-020953,CUS-00559,PRD-0079,WH-IBD,2,Customer overstock
RET-00696,2025-12-03,ORD-2025-037710,CUS-01346,PRD-0163,WH-LAG1,3,Near expiry
RET-00697,2025-12-11,ORD-2025-039098,CUS-02019,PRD-0125,WH-LAG2,9,Wrong item
RET-00698,2026-05-17,ORD-2026-050707,CUS-00032,PRD-0033,WH-LAG1,1,Customer overstock
RET-00699,2024-09-04,ORD-2024-004162,CUS-02468,PRD-0098,WH-IBD,4,Damaged in transit
RET-00700,2025-11-19,ORD-2025-036290,CUS-00802,PRD-0161,WH-LAG2,1,Customer overstock
RET-00701,2025-04-03,ORD-2025-020422,CUS-02131,PRD-0090,WH-IBD,27,Near expiry
